,search,searched,category,contents
0,고혈압,고혈압,증상,30세 이상 한국인 1백 명 가운데 10~15명은 고혈압을 가지고 있다. 그러나 이들 고혈압 환자의 20%만이 자신이 고혈압임을 알고 있다. 그것은 고혈압의 특별한 증상이 거의 없기 때문이다. 그래서 특별한 치료 없이 방치되는 경우가 많다.  단지 혈압이 갑자기 올라가면 두통  어지러움  졸립거나 의식장애  손과 발의 감각장애나 마비  호흡 곤란  가슴 통증  얼굴과 사지의 부종 등의 증상이 나타날 수 있다.  그러나 고혈압을 치료하지 않고 방치할 경우 심장 뿐만이 아니라 혈관이 있는 우리 신체 내의 전기관에 광범위한 합병증이 생길 수 있다.  심장이 과도한 일을 해야 하므로 심부전이 생기고  관상동맥의 동맥경화를 유발시켜 협심증이나 심근경색증이 생긴다. 지속적인 신장기능의 저하로 신부전을 유발시키고  눈의 혈관에 합병증이 생기면 심할 경우 실명할 수도 있다. 그리고 뇌로 가는 혈관을 손상시켜서 뇌졸중의 위험도를 증가시킨다.  이런 여러 가지 합병증은 일단 생기면 완치가 불가능하므로 합병증이 생기기 전에 적절한 치료를 받아야 합병증 발생을 예방하고 악화를 방지할 수 있다. 또한 처음 고혈압을 진단 받을 당시에 이러한 합병증의 유무에 대해서도 검사를 받아야 한다.
1,고혈압,뇌경색,증상,증상은 막힌 부위에 따라 다양하게 나타날 수 있는데 반신마비  감각이상  언어장애 등이 흔하고 뇌혈관의 끝부분이 막힌 경우는 뇌의 좁은 부위에만 경색이 국한되기 때문에 뇌압 상승이 비교적 경미하여 약물치료만으로 뇌압조절이 가능하나  뇌혈관의 굵은 부위가 막힌 경우는 한쪽 뇌가 대부분 혈액공급을 받지 못해 망가지게 되고 따라서 심한 뇌압의 상승을 유발하게 된다. 이럴 경우 뇌압조절을 위해 뇌수술을 요하게 되는데 심한 경우는 수술로써도 큰 효과를 기대하기 어렵다.  종류에 따른 증상  1. 뇌혈전  뇌의 동맥에 동맥경화가 있으며 내강이 좁아지고  그 부위에 혈액의 체중이 생긴다. 그 때문에 혈전이 생기어 내강을 폐색해 버리는 것이 뇌혈전이다.  보통은 안면을 포함한 한쪽 손발의 마비나 감각의 저하가 생긴다. 혀가 잘 돌지 않는 수가 많고  실어증을 일으키는 수도 있으며  때로는 의식장애가 서서히 심하게 되어 혼수상태에 빠지는 수도 있다.  2. 뇌색전  뇌 이외의 부위에 발생한 혈전(심장질환이 있을 경우에 생기기 쉽다)  세균  종양  지방 따위의 덩어리가 혈액 속에 흘러 들어서  뇌의 동맥에 걸려 폐색시키는 것을 말한다.  뇌혈전과 거의 같은 증세가 나타나지만  갑자기 일어나서  증세가 몇 분만에 나타나는 것이 특징으로  뇌혈전과 같이 시간이 흐름에 따라 서서히 심해지는 경우는 흔치 않다.  3. 출혈성 뇌경색  뇌경색을 일으켜도 막힌 혈전 따위가 자연히 녹아서  다시 혈액이 흐르게 되는 수가 있다. 그렇게 되면 폐색되어 있던 부위에서 앞쪽의 동맥을 혈액이 흘러오지 않았기 때문에 장애되어 있었으므로  혈류가 재개되면 약해진 동맥벽에서 혈액이 배어나와 뇌 속으로 출혈하게 된다. 이것을 출혈성 뇌경색이라고 한다.  자리잡고 있던 뇌경색의 병세가 며칠 있다가 갑자기 악화되었을 때에는 출혈성 뇌경색의 가능성이 있지만  증세가 가벼운 경우에는  CT 스캔이나 뇌혈관 촬영 따위를 하지 않으면 분명하게 알 수 없는 수도 있다.
2,고혈압,당뇨병,증상,당뇨병의 4대 증상  1. 다뇨 2. 다음 3. 다갈 4. 다식  이것은 스스로 느끼는 최초의 증상으로 많은 양의 소변을 보게 되니까 자연히 갈증이 심해지고  그로 인해 물을 많이 마시게 된다. 그리고 항상 배가 고파서 아무리 먹어도 공복감이 생긴다.  그 외에 체중 감소  쇠약감 등을 호소할 수 있다. 인슐린 의존형 당뇨병에서는 체중의 감소가 아주 심하지만  인슐린 비의존형 당뇨병에서는 약간의 체중 감소가 있을 뿐 흔히 비만한 채로 남아있는 경우가 흔하다.  여성에서는 당뇨로 인해 음부의 가려움증을 호소하는 경우가 흔한데  환자들이 호소하는 증상 중에는 종아리의 경련이나 손가락 끝의 저림 등 비특이적인 것들도 있다. 일반적으로 경련은 흔히 밤에 심하고  발저림의 증상이 발끝에는 잘 생기지 않는것이 특징이다.  변비도 가끔 환자들이 호소하는 증상이며  고혈당으로 안구의 렌즈 굴곡도가 달라져 시력이 떨어지기도 한다.  합병증  당뇨병을 치료하지 않고 그대로 두면 인체 내 여러 곳에 나쁜 영향을 미쳐 치료하기 어려운 합병증이 발생되어 위험한 상태가 될 수 있으므로 조기 진단에 의해 올바른 치료를 계속해야 한다.  1. 혼수 2. 눈의 출혈  백내장  시력장애  망막증 3. 신부전증 4. 신경병증 (팔 다리의 감각상실  수족냉증  야간 통증  경련 등) 5. 상처 치유의 지연 6. 고혈압 7. 고지혈증 8. 동맥경화증 9. 관상동맥 경화증  협심증 10. 감염증(폐렴  칸디다 질염  종기 등)  부스럼  가려움증  또한 위와 장의 자율신경계에 신경병증이 오게 되면 속이 더부룩하고 구토  변비 설사가 일어나기도 하며  방광이나 직장에 오면 대소변을 자신의 의지와 관계없이 보게 되는 요실금이나 대변실금을 나타낼 수 있다.  그 외의 모든 신경에 신경병증을 일으킬 수 있고  그에 따라 여러 가지 증상이 나타날 수 있다.
3,고혈압,만성 피로증후군,증상,* 지연성 피로 (prolonged fatigue) : 1개월이나 그이상 지속되는 피로 * 만성 피로 (chronic fatigue) : 6개월이나 그이상 지속하거나 재발되는 피로  만성피로 증후군 (chronic fatigue syndrome) 은 임상적으로 평가해서 설명을 할 수 없는 피로의 경우로서 다음과 같은 기준에 맞을때 만성피로 증후군이라 한다.  [만성피로증후군의 CDC 기준  1994]  임상적으로 평가해서 설명할수 없고 지속적이거나 재발성인 피로 과로에 의한 피로가 아니고 휴식에 의해 피로가 개선되지 않으며 직업적  교육적  사회적 개인 활동이 저하된다.  다음의 8개 증상중에 4개이상이 동시에 발생하며 6개월이나 그이상 지속되거나 재발하는 만성 피로이다.  -기억력이나 집중력 장애 -후두통 -압통을 동반한 경부  액와부  임파절 증대 -근육통 -염증이 없는 다발성 관절통 -새로생긴 두통 -수면장애(개운치 못한 수면) -경도의 운동후 발생하는 24시간 지속되는 권태감  만성피로증후군이라고 진단된 환자에서 80%가 여자이며 대부분 25-45세 사이였다. 전염성이나 유전성이라는 증거는 없으며 이질환으로 사망하지는 않는다 증상은 감기에 걸리는 것같이 갑자기 오거나 대부분은 서서히 나타나며 기간은 2-3년에서 대부분 3-6년이상걸려 회복하거나 10년 이상 지속하는 경우도 있다
4,고혈압,편두통,증상,전형적인 편두통은 전구증상으로 갑자기 눈 앞에 번쩍거리는 느낌이 있고  눈이 피로해지고  시야가 흐려지고  한쪽 또는 양쪽 팔다리에 감각의 이상 등 국소 신경 증상이 나타난다. 그러나 대부분의 경우 분명한 전구 증상을 알기는 힘들고  뇌동맥이 확장하게 되면 편두통을 느끼게 된다.  편두통은 발작적으로 짧게 그리고 맥박이 뛰는 것과 함께 통증을 느끼게 되고  흔히 오심이나 구토  광선 공포  전신무력  시야 흐림  이상 감각  현훈(어지러움) 등의 증상들이 동반될 수 있다.  통증은 대개 24~48시간 동안 지속되며  몇 주 또는 몇 달 간격으로 발생하는 주기성을 가지는 경우도 있다.
5,고혈압,혈관성 치매,증상,초기에는 병에 대한 의식이나 판단력은 비교적 유지가 되는 편이나  우울감 등의 정서적 불안  억제력의 상실  자기 중심적인 태도  자극에 대한 과민한 반응 등이 특징적으로 나타난다.  또한 구음 장애  연하곤란  보행장애 등의 국소적 신경학적 증상이 나타나며  급격하게 발병하며  단계적으로 진행하여 황폐화가 나타날 수 있다.  뇌출혈 등이 원인일 경우에는 보다 급속하게 치매가 발생하며  뇌졸중의 부위에 따라 증상이 다양하게 나타날 수 있다.
6,고혈압,협심증,증상,가장 중요한 증상은 흉통이다. 흔히 빨리 걷거나 언덕을 오르거나 힘든 일을 할 때  추운 날 따뜻한 실내에 있다가 갑자기 밖으로 나갈 때에 앞가슴의 한가운데를 압박하거나  조이거나 쥐어짜는 듯한 통증으로 나타난다. 이와 함께 어깨나 팔  목  턱으로 통증이 뻗치는 경우도 있고  목을 압박하는 듯한 증상이나 치통을 느끼는 수도 있다.  통증이 심한 경우에는 기운이 빠지면서 진땀이 나고  호흡곤란  울렁거림  가슴이 뛰는 증상을 동반할 수 있다. 한편 고령자나 당뇨병 환자의 경우에는 흉통이 없이 유난히 숨이 찬 증상만으로 나타나기도 한다.  통증의 지속시간은 협심증의 종류에 따라 다소 다르지만  몇 초 또는 몇 분(보통 3~10분)이고  15분 이상은 드물다. 빈도도 여러 가지로 하루에 몇 번씩 발작하는 것과 며칠 또는 몇 개월 만에 발작하는 것도 있다. 협심증은 통증 이외에 별다른 증상은 없다. 협심증 발작이라는 것은 악화되지 않았다 하더라도 비교적 가볍고  금방 괜찮아지기 때문에 그냥 방치하기 쉽다. 그러나 위험성이 높은 질환이므로 일단 증상을 자각했으면 무엇보다도 의사의 진찰을 받는 것이 증상을 악화시키지 않는 방법이다.
7,기관지염,감기,증상,감염된 바이러스의 종류에 따라서도  또 호흡기의 어느 곳이 주로 침해되었느냐에 따라서도 증세는 달라진다.  일반적으로 감기의 흔한 증상은 콧물이 나오고 코가 막히며 가래를 동반한 기침 등의 호흡기 증상과 목에 염증이 생기며 열이 나고  기운이 없으면서 온몸이 쑤시고 아픈 전신 증상이 있다.  1. 코감기  코감기는 리노바이러스에 의해 나타나는 가장 흔한 감기이다. 증상은 주체할 수 없을 정도로 많은 콧물이 나고  코가 간지러우면서 재채기가 많이 나며  코막힘  두통  미열 등이 있을 수 있다.  2. 목감기  목감기는 주로 아데노바이러스에 의한 감기로 목안쪽의 인두에 염증을 일으켜서 목안이 충혈되고  목이 붓고 아프며  간질간질 하고 심한 경우는 목이 잠겨서 목소리가 잘 나오지 않을 정도로 쉬게 되고 때로는 눈꼽도 낄 수 있다.  목감기시 흔히 열은 섭씨 약 38도이고 두통이 있고  관절통이 있고  피로하고  기운이 없고 온몸과 팔다리가 쑤시고 아픈 증상이 있어서 “몸살감기”라고도 한다.  3. 기타  그 외에도 파라인플루엔자 바이러스는 급성 후두염을 잘 일으켜서 목이 쉬고  개짖는 듯한 컹컹하는 기침 증상을 나타낸다.  RS바이러스는 폐의 작은 기관지에 급성 모세기관지염을 일으켜서 주로 밤잠을 못잘 정도로 심한 기침과 많은 양의 가래를 뱉는 증상을 일으키며 호흡곤란까지 일으킨다.  4. 유행성 독감  인플루엔자 바이러스에 의한 유행성 독감은 일반적인 감기 증상과 달라서 아주 심한 고열과 춥고 떨리는 오한이 나면서  온몸의 뼈마디가 쑤시는 몸살 증세가 나타나고  객담이 별로 없는 마른 기침 등의 증상이 나타난다.  대개는 발열이나 오한과 함께 여러 가지 증상이 복합적으로 나타나게 되며  드물게는 결막염이나 설사가 같이 동반되기도 한다.  감기는 대부분 1주일 정도면 가라앉지만 심한 경우에는 한 달 이상 지속되어 합병증을 유발할 수 있으므로 안정을 취하면서 충분한 영양 섭취를 하는 것이 좋다.  영  유아에서는 발열  기침 등의 염증 증상 외에도 급격하게 호흡곤란에 빠져들 때가 있으므로  아이가 감기에 걸렸을 때에는 호흡의 상태를 주의해서 살펴야 한다.   # 합병증  옛날부터 감기는 만병의 근원이라고 전하여 왔다. 이는 감기를 대수롭지 않게 소홀히 하면 합병증을 일으키고 또는 생명에 위독한 질병도 처음에는 마치 감기처럼 시작하기 때문이다.  감기의 주요 3대 합병증으로서 중이염  축농증(부비동염)  기관지염이 있고  그외 비염  폐렴  뇌막염(무균성 뇌수막염)등이 있다.  감기 증상이 3주 이상 지속되거나 청력감소  귀의 통증  코가 목 뒤로 넘어가는 증상인 후비루  만성기침 등의 증상이 있는 경우 합병증을 의심해 볼 수 있다.  만성 기관지염  기관지 천식  기관지 확장증 등 만성 폐쇄성 폐질환을 가지고 있는 환자는 감기에 걸려 증상이 더 악화되고  급성 호흡부전을 일으킬 수 있다.  심장판막증 등 심장병을 가진 환자가 감기에 걸리면 울혈성 심부전증으로 호흡곤란 등 증상이 심해질 수 있으므로 특별히 주의해야 한다.  때로는 1년 내내 콧물  재채기  기침  눈가려움증 등으로 고생한다고 하는 환자는 감기라기 보다는 “알레르기성 비염”일 가능성이 많다.  특히 노인의 경우는 합병증이 생겨도 겉으로는 증상이 뚜렷하지 않은 경우가 많으므로 감기로 오랫동안 시름시름 앓으면 반드시 전문의의 진단을 받아보아야 한다.
8,기관지염,폐렴,증상,폐렴은 초기에는 감기 정도의 가벼운 증상을 보이지만  급속히 진행되면서 고열  기침  흉통  호흡곤란  녹색의 농성 가래 등의 호흡기계 증상을 나타내고  때에 따라서는 바이러스성 폐렴과 세균성 폐렴이 혼합 감염을 일으켜서 매우 위험한 상황에 처하게 된다.  특히 어린이나 노약자는 기관지 폐렴에 걸리면 호흡곤란이나 청색증 등 심한 증상을 보일 수 있으므로 초기에 의사의 진찰을 받아 치료해야 한다.  일반적으로 3~4일간 감기 증상이 계속된 뒤  폐렴 환자의 80% 정도는 열을 동반하며  가래가 생기고  대부분 호흡수가 분당 20회를 초과하게 된다.  열이 높을 때에는 얼굴이 붉어지고  숨결도 거칠어지며  흉통을 느끼는 경우도 있다. 그리고 폐에서 원활한 산소 공급이 이루어지지 않아 몽롱해지며  입술이 보랏빛으로 변하는 경우도 있다. 또한 호흡할 때마다 명치 주변이 함몰하는 일도 있다.  원인이 되는 세균에 따라서 설사  구토  경련  청색증 등의 증상도 나타난다. 신생아나 미숙아에게는 열이 나지 않은 채 발병(무열성 폐렴)하는 일도 있다.  폐렴 이외에도 급성 기관지염  부비동염  그리고 다양한 다른 감염성 질환에서도 비슷한 증상이 나타날 수 있기 때문에 혼동을 일으킬 수 있으므로 주의가 필요하다.  # 합병증  폐렴에 의한 합병증으로 늑막염이 생길 수 있다. 늑막염은 흉벽과 폐 사이에 있는 얇은 두 장의 늑막 사이에 염증성 진물이 고이는 것을 말한다.  늑막염이 심해지면 화농이 되면서 고름이 두 장의 늑막 사이에 차게 되는데  이것을 농흉 이라고 한다.  또한 폐렴이 심한 경우에는 뇌나 뇌수막까지 감염증이 퍼질 수 있으며  폐렴을 일으킨 병원균이 혈액 속으로 들어가서 패혈증을 일으킬 수 있다.
9,협심증,고혈압,증상,30세 이상 한국인 1백 명 가운데 10~15명은 고혈압을 가지고 있다. 그러나 이들 고혈압 환자의 20%만이 자신이 고혈압임을 알고 있다. 그것은 고혈압의 특별한 증상이 거의 없기 때문이다. 그래서 특별한 치료 없이 방치되는 경우가 많다.  단지 혈압이 갑자기 올라가면 두통  어지러움  졸립거나 의식장애  손과 발의 감각장애나 마비  호흡 곤란  가슴 통증  얼굴과 사지의 부종 등의 증상이 나타날 수 있다.  그러나 고혈압을 치료하지 않고 방치할 경우 심장 뿐만이 아니라 혈관이 있는 우리 신체 내의 전기관에 광범위한 합병증이 생길 수 있다.  심장이 과도한 일을 해야 하므로 심부전이 생기고  관상동맥의 동맥경화를 유발시켜 협심증이나 심근경색증이 생긴다. 지속적인 신장기능의 저하로 신부전을 유발시키고  눈의 혈관에 합병증이 생기면 심할 경우 실명할 수도 있다. 그리고 뇌로 가는 혈관을 손상시켜서 뇌졸중의 위험도를 증가시킨다.  이런 여러 가지 합병증은 일단 생기면 완치가 불가능하므로 합병증이 생기기 전에 적절한 치료를 받아야 합병증 발생을 예방하고 악화를 방지할 수 있다. 또한 처음 고혈압을 진단 받을 당시에 이러한 합병증의 유무에 대해서도 검사를 받아야 한다.
10,협심증,당뇨병,증상,당뇨병의 4대 증상  1. 다뇨 2. 다음 3. 다갈 4. 다식  이것은 스스로 느끼는 최초의 증상으로 많은 양의 소변을 보게 되니까 자연히 갈증이 심해지고  그로 인해 물을 많이 마시게 된다. 그리고 항상 배가 고파서 아무리 먹어도 공복감이 생긴다.  그 외에 체중 감소  쇠약감 등을 호소할 수 있다. 인슐린 의존형 당뇨병에서는 체중의 감소가 아주 심하지만  인슐린 비의존형 당뇨병에서는 약간의 체중 감소가 있을 뿐 흔히 비만한 채로 남아있는 경우가 흔하다.  여성에서는 당뇨로 인해 음부의 가려움증을 호소하는 경우가 흔한데  환자들이 호소하는 증상 중에는 종아리의 경련이나 손가락 끝의 저림 등 비특이적인 것들도 있다. 일반적으로 경련은 흔히 밤에 심하고  발저림의 증상이 발끝에는 잘 생기지 않는것이 특징이다.  변비도 가끔 환자들이 호소하는 증상이며  고혈당으로 안구의 렌즈 굴곡도가 달라져 시력이 떨어지기도 한다.  합병증  당뇨병을 치료하지 않고 그대로 두면 인체 내 여러 곳에 나쁜 영향을 미쳐 치료하기 어려운 합병증이 발생되어 위험한 상태가 될 수 있으므로 조기 진단에 의해 올바른 치료를 계속해야 한다.  1. 혼수 2. 눈의 출혈  백내장  시력장애  망막증 3. 신부전증 4. 신경병증 (팔 다리의 감각상실  수족냉증  야간 통증  경련 등) 5. 상처 치유의 지연 6. 고혈압 7. 고지혈증 8. 동맥경화증 9. 관상동맥 경화증  협심증 10. 감염증(폐렴  칸디다 질염  종기 등)  부스럼  가려움증  또한 위와 장의 자율신경계에 신경병증이 오게 되면 속이 더부룩하고 구토  변비 설사가 일어나기도 하며  방광이나 직장에 오면 대소변을 자신의 의지와 관계없이 보게 되는 요실금이나 대변실금을 나타낼 수 있다.  그 외의 모든 신경에 신경병증을 일으킬 수 있고  그에 따라 여러 가지 증상이 나타날 수 있다.
11,협심증,편두통,증상,전형적인 편두통은 전구증상으로 갑자기 눈 앞에 번쩍거리는 느낌이 있고  눈이 피로해지고  시야가 흐려지고  한쪽 또는 양쪽 팔다리에 감각의 이상 등 국소 신경 증상이 나타난다. 그러나 대부분의 경우 분명한 전구 증상을 알기는 힘들고  뇌동맥이 확장하게 되면 편두통을 느끼게 된다.  편두통은 발작적으로 짧게 그리고 맥박이 뛰는 것과 함께 통증을 느끼게 되고  흔히 오심이나 구토  광선 공포  전신무력  시야 흐림  이상 감각  현훈(어지러움) 등의 증상들이 동반될 수 있다.  통증은 대개 24~48시간 동안 지속되며  몇 주 또는 몇 달 간격으로 발생하는 주기성을 가지는 경우도 있다.
12,협심증,협심증,증상,가장 중요한 증상은 흉통이다. 흔히 빨리 걷거나 언덕을 오르거나 힘든 일을 할 때  추운 날 따뜻한 실내에 있다가 갑자기 밖으로 나갈 때에 앞가슴의 한가운데를 압박하거나  조이거나 쥐어짜는 듯한 통증으로 나타난다. 이와 함께 어깨나 팔  목  턱으로 통증이 뻗치는 경우도 있고  목을 압박하는 듯한 증상이나 치통을 느끼는 수도 있다.  통증이 심한 경우에는 기운이 빠지면서 진땀이 나고  호흡곤란  울렁거림  가슴이 뛰는 증상을 동반할 수 있다. 한편 고령자나 당뇨병 환자의 경우에는 흉통이 없이 유난히 숨이 찬 증상만으로 나타나기도 한다.  통증의 지속시간은 협심증의 종류에 따라 다소 다르지만  몇 초 또는 몇 분(보통 3~10분)이고  15분 이상은 드물다. 빈도도 여러 가지로 하루에 몇 번씩 발작하는 것과 며칠 또는 몇 개월 만에 발작하는 것도 있다. 협심증은 통증 이외에 별다른 증상은 없다. 협심증 발작이라는 것은 악화되지 않았다 하더라도 비교적 가볍고  금방 괜찮아지기 때문에 그냥 방치하기 쉽다. 그러나 위험성이 높은 질환이므로 일단 증상을 자각했으면 무엇보다도 의사의 진찰을 받는 것이 증상을 악화시키지 않는 방법이다.
13,관절염,골다공증,골다공증은 어떻게 진단하나요?,척추나 대퇴골의 골밀도 검사(이중 에너지 방사선 흡수법(DXA))로 골다공증을 진단할 수 있다. 세계보건기구(WHO)에서는 젊은 성인군 평균치의 2.5 표준편차 이하의 골밀도(T 점수 -2.5 이하)를 골다공증으로  1~2.5표준편차 사이의 골밀도(T 점수 -1.0~-2.5)를 골다공증의 전단계인 골감소증으로 진단한다. 그러나 골감소증이라고 해서 골다공증보다 상태가 좋은 것이라고 안심하면 안 된다.  예를 들면 70대 여성은 T 점수가 -2.0으로 골감소증이어도 T-점수가 -2.5인 50대 골다공증 환자보다 골절의 확률이 더 높으므로 골다공증 치료를 받아야 한다.  또한 폐경 전 여성이나 젊은 남성에서 골다공증이 진단된 경우는 이차적인 원인에 의해서 골다공증이 발생했을 가능성이 높기 때문에 무조건 골다공증 약을 복용하기보다 원인질환을 찾아서 치료하는 것이 더 시급하다. 때문에 전문의의 도움을 받아 골밀도 검사 및 골절이 발생할 수 있는 위험요인을 잘 평가해서 필요한 경우 조기에 치료를 시작하는 것이 중요하다.
14,관절염,당뇨병,증상,당뇨병의 4대 증상  1. 다뇨 2. 다음 3. 다갈 4. 다식  이것은 스스로 느끼는 최초의 증상으로 많은 양의 소변을 보게 되니까 자연히 갈증이 심해지고  그로 인해 물을 많이 마시게 된다. 그리고 항상 배가 고파서 아무리 먹어도 공복감이 생긴다.  그 외에 체중 감소  쇠약감 등을 호소할 수 있다. 인슐린 의존형 당뇨병에서는 체중의 감소가 아주 심하지만  인슐린 비의존형 당뇨병에서는 약간의 체중 감소가 있을 뿐 흔히 비만한 채로 남아있는 경우가 흔하다.  여성에서는 당뇨로 인해 음부의 가려움증을 호소하는 경우가 흔한데  환자들이 호소하는 증상 중에는 종아리의 경련이나 손가락 끝의 저림 등 비특이적인 것들도 있다. 일반적으로 경련은 흔히 밤에 심하고  발저림의 증상이 발끝에는 잘 생기지 않는것이 특징이다.  변비도 가끔 환자들이 호소하는 증상이며  고혈당으로 안구의 렌즈 굴곡도가 달라져 시력이 떨어지기도 한다.  합병증  당뇨병을 치료하지 않고 그대로 두면 인체 내 여러 곳에 나쁜 영향을 미쳐 치료하기 어려운 합병증이 발생되어 위험한 상태가 될 수 있으므로 조기 진단에 의해 올바른 치료를 계속해야 한다.  1. 혼수 2. 눈의 출혈  백내장  시력장애  망막증 3. 신부전증 4. 신경병증 (팔 다리의 감각상실  수족냉증  야간 통증  경련 등) 5. 상처 치유의 지연 6. 고혈압 7. 고지혈증 8. 동맥경화증 9. 관상동맥 경화증  협심증 10. 감염증(폐렴  칸디다 질염  종기 등)  부스럼  가려움증  또한 위와 장의 자율신경계에 신경병증이 오게 되면 속이 더부룩하고 구토  변비 설사가 일어나기도 하며  방광이나 직장에 오면 대소변을 자신의 의지와 관계없이 보게 되는 요실금이나 대변실금을 나타낼 수 있다.  그 외의 모든 신경에 신경병증을 일으킬 수 있고  그에 따라 여러 가지 증상이 나타날 수 있다.
15,관절염,전박골 골절,증상,전박골 한개만 골절되었을 때는 쉽게 인지가 안된다. 손가락을 움직일 때 압통이 있고 이상운동이 있다. 두개 다 골절일 때는 골절 증상을 초래할 수 있다.
16,관절염,턱디스크(측두하악관절장애),증상,증상으로는 주로 염증이 발생한 부위의 턱 관절 뿐만 아니라 귀 부분에 걸쳐 통증이 나타나며  음식을 씹는 등 턱을 움직일 때 통증이 더욱 심해진다. 또한 두통이나 얼굴통증을 호소하며 아래턱의 움직임 제한  비대칭적인 아래턱 움직임  딱 소리 나거나 지글지글 소리가 나는 다양한 관절잡음이 나타난다. 증병의 정도에 따라 염증 부위에 약한 정도로 부어 오른 것이 관찰될 경우도 있다. 하지만 적절한 치료를 받지 않고 방치하여 병이 진행한 경우에는 위  아래 치아가 정확히 맞지 않아 입이 완전히 다물어지지 않을 수도 있다.
17,당뇨병,감기,증상,감염된 바이러스의 종류에 따라서도  또 호흡기의 어느 곳이 주로 침해되었느냐에 따라서도 증세는 달라진다.  일반적으로 감기의 흔한 증상은 콧물이 나오고 코가 막히며 가래를 동반한 기침 등의 호흡기 증상과 목에 염증이 생기며 열이 나고  기운이 없으면서 온몸이 쑤시고 아픈 전신 증상이 있다.  1. 코감기  코감기는 리노바이러스에 의해 나타나는 가장 흔한 감기이다. 증상은 주체할 수 없을 정도로 많은 콧물이 나고  코가 간지러우면서 재채기가 많이 나며  코막힘  두통  미열 등이 있을 수 있다.  2. 목감기  목감기는 주로 아데노바이러스에 의한 감기로 목안쪽의 인두에 염증을 일으켜서 목안이 충혈되고  목이 붓고 아프며  간질간질 하고 심한 경우는 목이 잠겨서 목소리가 잘 나오지 않을 정도로 쉬게 되고 때로는 눈꼽도 낄 수 있다.  목감기시 흔히 열은 섭씨 약 38도이고 두통이 있고  관절통이 있고  피로하고  기운이 없고 온몸과 팔다리가 쑤시고 아픈 증상이 있어서 “몸살감기”라고도 한다.  3. 기타  그 외에도 파라인플루엔자 바이러스는 급성 후두염을 잘 일으켜서 목이 쉬고  개짖는 듯한 컹컹하는 기침 증상을 나타낸다.  RS바이러스는 폐의 작은 기관지에 급성 모세기관지염을 일으켜서 주로 밤잠을 못잘 정도로 심한 기침과 많은 양의 가래를 뱉는 증상을 일으키며 호흡곤란까지 일으킨다.  4. 유행성 독감  인플루엔자 바이러스에 의한 유행성 독감은 일반적인 감기 증상과 달라서 아주 심한 고열과 춥고 떨리는 오한이 나면서  온몸의 뼈마디가 쑤시는 몸살 증세가 나타나고  객담이 별로 없는 마른 기침 등의 증상이 나타난다.  대개는 발열이나 오한과 함께 여러 가지 증상이 복합적으로 나타나게 되며  드물게는 결막염이나 설사가 같이 동반되기도 한다.  감기는 대부분 1주일 정도면 가라앉지만 심한 경우에는 한 달 이상 지속되어 합병증을 유발할 수 있으므로 안정을 취하면서 충분한 영양 섭취를 하는 것이 좋다.  영  유아에서는 발열  기침 등의 염증 증상 외에도 급격하게 호흡곤란에 빠져들 때가 있으므로  아이가 감기에 걸렸을 때에는 호흡의 상태를 주의해서 살펴야 한다.   # 합병증  옛날부터 감기는 만병의 근원이라고 전하여 왔다. 이는 감기를 대수롭지 않게 소홀히 하면 합병증을 일으키고 또는 생명에 위독한 질병도 처음에는 마치 감기처럼 시작하기 때문이다.  감기의 주요 3대 합병증으로서 중이염  축농증(부비동염)  기관지염이 있고  그외 비염  폐렴  뇌막염(무균성 뇌수막염)등이 있다.  감기 증상이 3주 이상 지속되거나 청력감소  귀의 통증  코가 목 뒤로 넘어가는 증상인 후비루  만성기침 등의 증상이 있는 경우 합병증을 의심해 볼 수 있다.  만성 기관지염  기관지 천식  기관지 확장증 등 만성 폐쇄성 폐질환을 가지고 있는 환자는 감기에 걸려 증상이 더 악화되고  급성 호흡부전을 일으킬 수 있다.  심장판막증 등 심장병을 가진 환자가 감기에 걸리면 울혈성 심부전증으로 호흡곤란 등 증상이 심해질 수 있으므로 특별히 주의해야 한다.  때로는 1년 내내 콧물  재채기  기침  눈가려움증 등으로 고생한다고 하는 환자는 감기라기 보다는 “알레르기성 비염”일 가능성이 많다.  특히 노인의 경우는 합병증이 생겨도 겉으로는 증상이 뚜렷하지 않은 경우가 많으므로 감기로 오랫동안 시름시름 앓으면 반드시 전문의의 진단을 받아보아야 한다.
18,당뇨병,고혈압,증상,30세 이상 한국인 1백 명 가운데 10~15명은 고혈압을 가지고 있다. 그러나 이들 고혈압 환자의 20%만이 자신이 고혈압임을 알고 있다. 그것은 고혈압의 특별한 증상이 거의 없기 때문이다. 그래서 특별한 치료 없이 방치되는 경우가 많다.  단지 혈압이 갑자기 올라가면 두통  어지러움  졸립거나 의식장애  손과 발의 감각장애나 마비  호흡 곤란  가슴 통증  얼굴과 사지의 부종 등의 증상이 나타날 수 있다.  그러나 고혈압을 치료하지 않고 방치할 경우 심장 뿐만이 아니라 혈관이 있는 우리 신체 내의 전기관에 광범위한 합병증이 생길 수 있다.  심장이 과도한 일을 해야 하므로 심부전이 생기고  관상동맥의 동맥경화를 유발시켜 협심증이나 심근경색증이 생긴다. 지속적인 신장기능의 저하로 신부전을 유발시키고  눈의 혈관에 합병증이 생기면 심할 경우 실명할 수도 있다. 그리고 뇌로 가는 혈관을 손상시켜서 뇌졸중의 위험도를 증가시킨다.  이런 여러 가지 합병증은 일단 생기면 완치가 불가능하므로 합병증이 생기기 전에 적절한 치료를 받아야 합병증 발생을 예방하고 악화를 방지할 수 있다. 또한 처음 고혈압을 진단 받을 당시에 이러한 합병증의 유무에 대해서도 검사를 받아야 한다.
19,당뇨병,골다공증,골다공증은 어떻게 진단하나요?,척추나 대퇴골의 골밀도 검사(이중 에너지 방사선 흡수법(DXA))로 골다공증을 진단할 수 있다. 세계보건기구(WHO)에서는 젊은 성인군 평균치의 2.5 표준편차 이하의 골밀도(T 점수 -2.5 이하)를 골다공증으로  1~2.5표준편차 사이의 골밀도(T 점수 -1.0~-2.5)를 골다공증의 전단계인 골감소증으로 진단한다. 그러나 골감소증이라고 해서 골다공증보다 상태가 좋은 것이라고 안심하면 안 된다.  예를 들면 70대 여성은 T 점수가 -2.0으로 골감소증이어도 T-점수가 -2.5인 50대 골다공증 환자보다 골절의 확률이 더 높으므로 골다공증 치료를 받아야 한다.  또한 폐경 전 여성이나 젊은 남성에서 골다공증이 진단된 경우는 이차적인 원인에 의해서 골다공증이 발생했을 가능성이 높기 때문에 무조건 골다공증 약을 복용하기보다 원인질환을 찾아서 치료하는 것이 더 시급하다. 때문에 전문의의 도움을 받아 골밀도 검사 및 골절이 발생할 수 있는 위험요인을 잘 평가해서 필요한 경우 조기에 치료를 시작하는 것이 중요하다.
20,당뇨병,뇌경색,증상,증상은 막힌 부위에 따라 다양하게 나타날 수 있는데 반신마비  감각이상  언어장애 등이 흔하고 뇌혈관의 끝부분이 막힌 경우는 뇌의 좁은 부위에만 경색이 국한되기 때문에 뇌압 상승이 비교적 경미하여 약물치료만으로 뇌압조절이 가능하나  뇌혈관의 굵은 부위가 막힌 경우는 한쪽 뇌가 대부분 혈액공급을 받지 못해 망가지게 되고 따라서 심한 뇌압의 상승을 유발하게 된다. 이럴 경우 뇌압조절을 위해 뇌수술을 요하게 되는데 심한 경우는 수술로써도 큰 효과를 기대하기 어렵다.  종류에 따른 증상  1. 뇌혈전  뇌의 동맥에 동맥경화가 있으며 내강이 좁아지고  그 부위에 혈액의 체중이 생긴다. 그 때문에 혈전이 생기어 내강을 폐색해 버리는 것이 뇌혈전이다.  보통은 안면을 포함한 한쪽 손발의 마비나 감각의 저하가 생긴다. 혀가 잘 돌지 않는 수가 많고  실어증을 일으키는 수도 있으며  때로는 의식장애가 서서히 심하게 되어 혼수상태에 빠지는 수도 있다.  2. 뇌색전  뇌 이외의 부위에 발생한 혈전(심장질환이 있을 경우에 생기기 쉽다)  세균  종양  지방 따위의 덩어리가 혈액 속에 흘러 들어서  뇌의 동맥에 걸려 폐색시키는 것을 말한다.  뇌혈전과 거의 같은 증세가 나타나지만  갑자기 일어나서  증세가 몇 분만에 나타나는 것이 특징으로  뇌혈전과 같이 시간이 흐름에 따라 서서히 심해지는 경우는 흔치 않다.  3. 출혈성 뇌경색  뇌경색을 일으켜도 막힌 혈전 따위가 자연히 녹아서  다시 혈액이 흐르게 되는 수가 있다. 그렇게 되면 폐색되어 있던 부위에서 앞쪽의 동맥을 혈액이 흘러오지 않았기 때문에 장애되어 있었으므로  혈류가 재개되면 약해진 동맥벽에서 혈액이 배어나와 뇌 속으로 출혈하게 된다. 이것을 출혈성 뇌경색이라고 한다.  자리잡고 있던 뇌경색의 병세가 며칠 있다가 갑자기 악화되었을 때에는 출혈성 뇌경색의 가능성이 있지만  증세가 가벼운 경우에는  CT 스캔이나 뇌혈관 촬영 따위를 하지 않으면 분명하게 알 수 없는 수도 있다.
21,당뇨병,당뇨병,증상,당뇨병의 4대 증상  1. 다뇨 2. 다음 3. 다갈 4. 다식  이것은 스스로 느끼는 최초의 증상으로 많은 양의 소변을 보게 되니까 자연히 갈증이 심해지고  그로 인해 물을 많이 마시게 된다. 그리고 항상 배가 고파서 아무리 먹어도 공복감이 생긴다.  그 외에 체중 감소  쇠약감 등을 호소할 수 있다. 인슐린 의존형 당뇨병에서는 체중의 감소가 아주 심하지만  인슐린 비의존형 당뇨병에서는 약간의 체중 감소가 있을 뿐 흔히 비만한 채로 남아있는 경우가 흔하다.  여성에서는 당뇨로 인해 음부의 가려움증을 호소하는 경우가 흔한데  환자들이 호소하는 증상 중에는 종아리의 경련이나 손가락 끝의 저림 등 비특이적인 것들도 있다. 일반적으로 경련은 흔히 밤에 심하고  발저림의 증상이 발끝에는 잘 생기지 않는것이 특징이다.  변비도 가끔 환자들이 호소하는 증상이며  고혈당으로 안구의 렌즈 굴곡도가 달라져 시력이 떨어지기도 한다.  합병증  당뇨병을 치료하지 않고 그대로 두면 인체 내 여러 곳에 나쁜 영향을 미쳐 치료하기 어려운 합병증이 발생되어 위험한 상태가 될 수 있으므로 조기 진단에 의해 올바른 치료를 계속해야 한다.  1. 혼수 2. 눈의 출혈  백내장  시력장애  망막증 3. 신부전증 4. 신경병증 (팔 다리의 감각상실  수족냉증  야간 통증  경련 등) 5. 상처 치유의 지연 6. 고혈압 7. 고지혈증 8. 동맥경화증 9. 관상동맥 경화증  협심증 10. 감염증(폐렴  칸디다 질염  종기 등)  부스럼  가려움증  또한 위와 장의 자율신경계에 신경병증이 오게 되면 속이 더부룩하고 구토  변비 설사가 일어나기도 하며  방광이나 직장에 오면 대소변을 자신의 의지와 관계없이 보게 되는 요실금이나 대변실금을 나타낼 수 있다.  그 외의 모든 신경에 신경병증을 일으킬 수 있고  그에 따라 여러 가지 증상이 나타날 수 있다.
22,당뇨병,돌연사,예방 및 치료,일반인도 간단한 응급 구조법을 익히는 것이 좋다 돌연사의 치료는 응급 구조 조치로 생명을 유지시켜 환자를 병원에 이송하는 것이 급선무입니다. 돌연사가 발생하면 다른 사람들에게 급히 알려 구조를 청하고 돌연사가 확인되는 즉시 규정된 방법에 따라 심장 마사지와 인공 호흡을 시키는 심폐 소생술을 시작합니다.  기계나 약물을 사용치 않고 시행하는 기초적 생명 유지 방법은 보다 전문적인 생명 유지팀이 도착할 때까지 생명을 유지시키며 시간을 버는 데 목적이 있습니다. 기초 생명 유지에 무엇보다 중요한 것은 정식으로 교육을 받아 심폐 소생술을 시행할 수 있는 구조자가 있어야 한다는 점입니다. 따라서 의학 선진국에서는 의료인은 물론 일반인도 이에 대한 교육과 훈련을 받는 경우가 많습니다. 전문적인 생명 유지 방법은 제세동기(치사 부정맥을 전기 자극으로 제거하여 정상화시키는 기계)  인공 호흡기  산소 및 혈압과 순환을 돕는 약제를 사용하여 소생 성공률을 높이는 것입니다.  돌연사가 발생한 후 제세동과 심폐 소생술을 빨리할수록 생명을 유지할 가능성이 높아집니다. 치사 부정맥이 생긴 1분 내에 치료하면 성공률이 80% 이상인데 반하여 10분이 지나면 성공률은 10%에도 미치지 못합니다. 일반적으로 빠른 시간 내에 전문적 생명 유지팀이 도달하면 소생 성공률은 대상 환자와 소생팀의 능력에 따라 다르나 평균 20~30% 에 달합니다. 그러나 훈련이 잘 되지 않고 조직력이 미약한 소생팀이거나 환자에로의 접근이 어려운 도심에서는 소생 성공률이 많이 떨어집니다.  심장의 구조적  기능적 결함을 찾아 치료해야 한다  생명이 유지되어 병원으로 이송된 돌연사 생존자는 안정화 단계를 거쳐 돌연사를 일으키는 심장의 구조적 및 기능적 결함을 찾아내어 치료해야 합니다. 진행된 관상동맥경화가 있는 경우 좁아진 혈관을 개통해 주는 풍선 및 스텐트요법 또는 우회로 수술이 필요할 수 있습니다. 심근 허혈을 경감시키는 약물 치료가 병행되며 핼액 응고 방지제 또는 항혈소판제가 사용되기도 합니다.  돌연사의 예방은 이를 일으키는 여러 요소와 단계에 따라 다릅니다. 관상동맥경화증의 콜레스테롤 종기 파열을 예방하려면 콜레스테롤 강하제를 사용하여 죽상반을 안정화시켜야 합니다. 육체적 및 정신적 스트레스나 교감신경계의 흥분은 베타차단제의 사용으로 많이 줄어들 수 있습니다. 돌연사 발생의 불씨를 조장하는 흡연은 중단되어야 하며 당뇨병은 적절히 조절되어야 하고 정신적 스트레스를 해결하는 방법도 개선시켜야 합니다.  약물 치료에도 불구하고 재발되는 치사 부정맥 환자에게는 자동 심율동 전환기-제세동기를 심장 속에 심어 줍니다.
23,당뇨병,소아당뇨,증상,당뇨병의 3대증상은 다뇨  다음  다식으로 소변내 당이 함께 나옴으로 소변농도가 진하여 삼투압으로 체내수분을 빨아당겨 소변량이 많아진다(다뇨 多尿).  그리하여 밤에 오줌을 싸는 야뇨증의 형태로 나타나는 경우가 생긴다. 소변량이 많아지는 것은 그만큼 수분이 함께 빠져 나간 것으로 탈수가 되어 물을 많이 마시게 된다(다음 多飮). 소변으로 당이 빠져나가는 것은 칼로리가 빠져나가는 것으로 칼로리를 보충하기위해 많이 먹으려고 한다(다식 多食).  많이 먹지만 세포 내로 에너지화 되어 저장되지 못함으로 더욱 혈당이 증가되고 또 당으로 거의 모두 소변을 통하여 배설되기 때문에 체중이 10-30%까지도 감소 할 수 있다.  그리고 안색이 좋지않으며 피곤을 자주 느낀다. 여자아이에서는 요도염이나 질염이 나타난다. 10-25%에서는 감기증상이 있다가 갑자기 복통  구토를 하면서 고혈당의 상태가 오래 계속되거나 갑자기 악화되면 의식장애가 생기며 혼수상태에 빠져 병원에 가서야 케토성 산독증이라고 처음으로 진단되는 경우가 있다. 이때는 숨에서 아세톤 냄새가 난다.  이 밖에 성격변화  전신 쇠약감  시력약화  성적이 떨어지며  두통  불안감  흉통  설사나 변비  탈력  여윔  현기증  숨참  목마름  피부의 건조  공복감  손발 저림이나 아픔 등의 말초신경증세 등의 증세가 나타나는 일이 있다. 또 바이러스나 세균 등에 대한 저항력이 약해져서 여러 가지 감염증에 걸리기 쉬워진다   소아에서 발병된 당뇨병은 증상이 성인과는 달리 대개 1-2개월로 비교적 급성으로 발<병한다.   [합병증] 혈당조절을 위해 인슐린주사  식사요법 및 운동요법을 하지만 정상인에 비해 혈당의 변화가 심하므로 대사장애로 인해 합병증이 초래된다.  이러한 합병증은 혈당조절 상태와 밀접한 관계가 있으며 당뇨병의 발병 후 기간과 관계가 있다. 즉 혈당조절이 잘되지 않을수록  당뇨병 발병기간이 길수록 합병증이 잘 생긴다.  당뇨병의 합병증은 크게 짧은 기간의 합병증과 장기간의 합병증으로 구분된다. 짧은 기간의 합병증으로서는 저혈당증과 케톤성 산독증이다.  장기간 합병증은 눈  신장 및 신경에 병변이 생기는 미세혈관합병증과 관상동맥(심장근육에 분포하는 혈관)이나 대동맥이 좁아지는 혈관합병증이 있다.  통계에 의하면 당뇨병이 발병되고 10년이 지나면 망막병변  신장병변이나 신경병변이 초래됩니다. 망막병변은 망막에 출혈이 있은 후 흡수되면서 섬유화가 되어 병변이 생겨 시력장애가 초래되며  신장병변은 초기에는 미세알부민뇨  후에 알부민뇨로 이행되며 신장기능이 점차로 나빠져 이식수술이 필요하게 된다.  신경병변은 당이 솔비톨로 전환되어 축적되어 신경에 변화가 초래되어 감각이상이 나타난 통증이 심하거나 감각이 없는 경우가 생긴다. 그리하여 심한 상처를 받기가 쉬우며 혈관장애까지 동반되면 사지전단까지 가는 경우도 있다.  이러한 합병증들의 초기에 혈당조절을 엄격히 하고 혈압조절을 잘하면 다시 정상상태로 전환될 수 있다. 당뇨병환자에서 흡연을 할 경우 심혈관 순환장애가 심해져 심경색증이 초래될 가능성이 더욱 많다.
24,당뇨병,지루증,증상,성욕이 충분하고 발기력도 왕성하지만 극치감을 느낄 듯 하면서도 사정을 이루지 못한 상태가 지속되며  성기결합 상태에선 사정이 불가능하며 페니스를 철수시킨 후 여성 파트너의 수작업이나 구강 서비스를 빌려야만 사정하는 타입  여성의 질에서 철수한 후 자위행위를 통해서만 사정하는 타입  아내와의 섹스에선 사정이 불가능하지만 혼외 섹스 파트너에겐 사정이 가능한 타입  아주 특이한 성적 자극 또는 목이 졸리거나 구타 당하는 환상을 해야만 사정이 가능한 타입 등 몇가지 유형이 있다.
25,당뇨병,혈관성 치매,증상,초기에는 병에 대한 의식이나 판단력은 비교적 유지가 되는 편이나  우울감 등의 정서적 불안  억제력의 상실  자기 중심적인 태도  자극에 대한 과민한 반응 등이 특징적으로 나타난다.  또한 구음 장애  연하곤란  보행장애 등의 국소적 신경학적 증상이 나타나며  급격하게 발병하며  단계적으로 진행하여 황폐화가 나타날 수 있다.  뇌출혈 등이 원인일 경우에는 보다 급속하게 치매가 발생하며  뇌졸중의 부위에 따라 증상이 다양하게 나타날 수 있다.
26,당뇨병,협심증,증상,가장 중요한 증상은 흉통이다. 흔히 빨리 걷거나 언덕을 오르거나 힘든 일을 할 때  추운 날 따뜻한 실내에 있다가 갑자기 밖으로 나갈 때에 앞가슴의 한가운데를 압박하거나  조이거나 쥐어짜는 듯한 통증으로 나타난다. 이와 함께 어깨나 팔  목  턱으로 통증이 뻗치는 경우도 있고  목을 압박하는 듯한 증상이나 치통을 느끼는 수도 있다.  통증이 심한 경우에는 기운이 빠지면서 진땀이 나고  호흡곤란  울렁거림  가슴이 뛰는 증상을 동반할 수 있다. 한편 고령자나 당뇨병 환자의 경우에는 흉통이 없이 유난히 숨이 찬 증상만으로 나타나기도 한다.  통증의 지속시간은 협심증의 종류에 따라 다소 다르지만  몇 초 또는 몇 분(보통 3~10분)이고  15분 이상은 드물다. 빈도도 여러 가지로 하루에 몇 번씩 발작하는 것과 며칠 또는 몇 개월 만에 발작하는 것도 있다. 협심증은 통증 이외에 별다른 증상은 없다. 협심증 발작이라는 것은 악화되지 않았다 하더라도 비교적 가볍고  금방 괜찮아지기 때문에 그냥 방치하기 쉽다. 그러나 위험성이 높은 질환이므로 일단 증상을 자각했으면 무엇보다도 의사의 진찰을 받는 것이 증상을 악화시키지 않는 방법이다.
27,위염,만성 피로증후군,증상,* 지연성 피로 (prolonged fatigue) : 1개월이나 그이상 지속되는 피로 * 만성 피로 (chronic fatigue) : 6개월이나 그이상 지속하거나 재발되는 피로  만성피로 증후군 (chronic fatigue syndrome) 은 임상적으로 평가해서 설명을 할 수 없는 피로의 경우로서 다음과 같은 기준에 맞을때 만성피로 증후군이라 한다.  [만성피로증후군의 CDC 기준  1994]  임상적으로 평가해서 설명할수 없고 지속적이거나 재발성인 피로 과로에 의한 피로가 아니고 휴식에 의해 피로가 개선되지 않으며 직업적  교육적  사회적 개인 활동이 저하된다.  다음의 8개 증상중에 4개이상이 동시에 발생하며 6개월이나 그이상 지속되거나 재발하는 만성 피로이다.  -기억력이나 집중력 장애 -후두통 -압통을 동반한 경부  액와부  임파절 증대 -근육통 -염증이 없는 다발성 관절통 -새로생긴 두통 -수면장애(개운치 못한 수면) -경도의 운동후 발생하는 24시간 지속되는 권태감  만성피로증후군이라고 진단된 환자에서 80%가 여자이며 대부분 25-45세 사이였다. 전염성이나 유전성이라는 증거는 없으며 이질환으로 사망하지는 않는다 증상은 감기에 걸리는 것같이 갑자기 오거나 대부분은 서서히 나타나며 기간은 2-3년에서 대부분 3-6년이상걸려 회복하거나 10년 이상 지속하는 경우도 있다
28,위염,빈혈,증상,우리가 흔히 알고 있는 것과는 다르게 빈혈은 어지럼증이 아닌 다른 증상으로 나타나는 경우가 많다. 오히려 묵직한 느낌의 두통이나 답답한 느낌이 있는 경우가 더 흔하다. 여자의 경우에는 많은 양의 월경에 의해 혈액과 철분의 유실되면서 빈혈이 발생하는 경우도 흔히 있다. 경미한 빈혈이 있거나 장기간에 걸쳐서 서서히 빈혈이 생기게 되면 우리 몸이 적응할 시간을 갖게 되므로 증상이 전혀 없는 경우도 있다.  일단 빈혈이 생기게 되면 피부가 창백해지는데  특히 얼굴  입술  잇몸  눈의 결막  손톱 바닥등에 특징적으로 나타난다.  손금을 보면 핑크색이 도는 부분이 없어지고 손톱의 광택이 없고  부서지기 쉽다.  아침에 일어났을 때 몸이 붓는 증상도 생긴다.  그리고 쉽게 피로감을 느끼며  조금만 움직여도 쉽게 숨이 차고  심장이 두근거리는 심계항진  호흡 곤란  수족냉증 등도 나타날 수 있다.  1. 만성 출혈에 의한 빈혈  대변이 검게 나온다면 위장관 어디에선가 출혈이 계속되어 그 피가 변과 함께 섞여 나오는 것을 의심해볼 수 있다.  2. 용혈성 빈혈  빈혈의 일반적인 증세에 더불어 황달  담석증 등이 나타나기도 한다.  3. 재생 불량성 빈혈  피를 만들어내는 골수의 기능 저하로 적혈구  백혈구  혈소판이 모두 감소한다.  4. 철 결핍성 빈혈  가장 흔한 빈혈로 헤모글로빈 합성에 필요한 철분이 부족하여 생기는 빈혈이며  빈혈의 일반적인 증세와 손  발톱의 변형이 있을 수 있다.  전신의 조직이나 장기는 산소와 영양소를 화합시켜서 에너지를 얻고 있으므로  영양소가 많아도 산소가 부족하면 충분한 에너지를 얻지 못하여 활동이 저하되는 것이다. 또한  혈액이 산소부족 상태가 되면 이를 보충하려고 심장이나 폐가 여분으로 활동해야 하므로 부담이 무거워져서 그로 인한 증세가 나타나는 수도 있다.  # 그 밖에 빈혈로 올 수 있는 증상은 다음과 같다.  1. 전신 증상  어지러움  두통  실신  근력저하  귀에서 잡음이 들림  예민해짐  수면장애  집중력 부족  추위에 잘 견디지 못함  몸이 나른함  월경불순  성욕감퇴  2. 소화기 증상  식욕부진  소화불량  구역질  구토  배변장애  복부불쾌감  변비  설사  3. 순환기 증상  가슴이 두근거림 또는 맥박이 빨리 뜀
29,위염,위암,증상,위암의 초기에는 거의 별다른 증상이 없거나  있어도 모호하기 때문에 상당히 진행되어서야 발견되므로 이것이 완치율이 낮은 주원인이 된다. 그러므로 40세 이상의 환자에서 비특이적 증상으로 상복부 팽만감·불쾌감. 소화불량 및 통증이 있거나  이와 함께 식욕부진  체중감소  빈혈 등이 있으면 즉시 전문의사의 진료를 받아야 한다.  이러한 증상은 흔히 볼 수 있는 급.만성 위염이나 십이지장.위궤양의 증상과 유사하기 때문에 상기의 증상이 있는 경우 환자는 대수롭지 않는 소화불량 정도로 생각하고  소화제나 제산제를 장기 복용하면서 대증요법을 하게 되는 경우가 많아 결국 시기를 놓치게 되는 예가 많이 있다.  위암이 더욱 진행되면 복부에 종괴가 만져지고 구토가 나며  출혈로 인한 토혈을 하거나 혈변을 보게 되고  연하곤란이 일어나고  체중감소  권태감 등 전신증상이 나타나게 된다.  위암은 초기에 발견하여 치료를 받는 것이 이상적인데  방치하면 자꾸 발육해서 주위의 정상적인 조직에 장애를 줄 뿐만 아니라  혈액이나 림프액의 흐름을 타고 다른 장기로 전이한다. 그 결과 저단백혈증  탈수증  빈혈 등을 일으켜 전신 상태가 몹시 나빠지고  간장이나 신장의 장애를 일으킨다.  진행암의 단계에서 발견하고도 방치하면 보통 1~2년 안에 사망하며  젊을수록 그 속도가 빠르다.
30,십이지장,빈혈,증상,우리가 흔히 알고 있는 것과는 다르게 빈혈은 어지럼증이 아닌 다른 증상으로 나타나는 경우가 많다. 오히려 묵직한 느낌의 두통이나 답답한 느낌이 있는 경우가 더 흔하다. 여자의 경우에는 많은 양의 월경에 의해 혈액과 철분의 유실되면서 빈혈이 발생하는 경우도 흔히 있다. 경미한 빈혈이 있거나 장기간에 걸쳐서 서서히 빈혈이 생기게 되면 우리 몸이 적응할 시간을 갖게 되므로 증상이 전혀 없는 경우도 있다.  일단 빈혈이 생기게 되면 피부가 창백해지는데  특히 얼굴  입술  잇몸  눈의 결막  손톱 바닥등에 특징적으로 나타난다.  손금을 보면 핑크색이 도는 부분이 없어지고 손톱의 광택이 없고  부서지기 쉽다.  아침에 일어났을 때 몸이 붓는 증상도 생긴다.  그리고 쉽게 피로감을 느끼며  조금만 움직여도 쉽게 숨이 차고  심장이 두근거리는 심계항진  호흡 곤란  수족냉증 등도 나타날 수 있다.  1. 만성 출혈에 의한 빈혈  대변이 검게 나온다면 위장관 어디에선가 출혈이 계속되어 그 피가 변과 함께 섞여 나오는 것을 의심해볼 수 있다.  2. 용혈성 빈혈  빈혈의 일반적인 증세에 더불어 황달  담석증 등이 나타나기도 한다.  3. 재생 불량성 빈혈  피를 만들어내는 골수의 기능 저하로 적혈구  백혈구  혈소판이 모두 감소한다.  4. 철 결핍성 빈혈  가장 흔한 빈혈로 헤모글로빈 합성에 필요한 철분이 부족하여 생기는 빈혈이며  빈혈의 일반적인 증세와 손  발톱의 변형이 있을 수 있다.  전신의 조직이나 장기는 산소와 영양소를 화합시켜서 에너지를 얻고 있으므로  영양소가 많아도 산소가 부족하면 충분한 에너지를 얻지 못하여 활동이 저하되는 것이다. 또한  혈액이 산소부족 상태가 되면 이를 보충하려고 심장이나 폐가 여분으로 활동해야 하므로 부담이 무거워져서 그로 인한 증세가 나타나는 수도 있다.  # 그 밖에 빈혈로 올 수 있는 증상은 다음과 같다.  1. 전신 증상  어지러움  두통  실신  근력저하  귀에서 잡음이 들림  예민해짐  수면장애  집중력 부족  추위에 잘 견디지 못함  몸이 나른함  월경불순  성욕감퇴  2. 소화기 증상  식욕부진  소화불량  구역질  구토  배변장애  복부불쾌감  변비  설사  3. 순환기 증상  가슴이 두근거림 또는 맥박이 빨리 뜀
31,십이지장,위암,증상,위암의 초기에는 거의 별다른 증상이 없거나  있어도 모호하기 때문에 상당히 진행되어서야 발견되므로 이것이 완치율이 낮은 주원인이 된다. 그러므로 40세 이상의 환자에서 비특이적 증상으로 상복부 팽만감·불쾌감. 소화불량 및 통증이 있거나  이와 함께 식욕부진  체중감소  빈혈 등이 있으면 즉시 전문의사의 진료를 받아야 한다.  이러한 증상은 흔히 볼 수 있는 급.만성 위염이나 십이지장.위궤양의 증상과 유사하기 때문에 상기의 증상이 있는 경우 환자는 대수롭지 않는 소화불량 정도로 생각하고  소화제나 제산제를 장기 복용하면서 대증요법을 하게 되는 경우가 많아 결국 시기를 놓치게 되는 예가 많이 있다.  위암이 더욱 진행되면 복부에 종괴가 만져지고 구토가 나며  출혈로 인한 토혈을 하거나 혈변을 보게 되고  연하곤란이 일어나고  체중감소  권태감 등 전신증상이 나타나게 된다.  위암은 초기에 발견하여 치료를 받는 것이 이상적인데  방치하면 자꾸 발육해서 주위의 정상적인 조직에 장애를 줄 뿐만 아니라  혈액이나 림프액의 흐름을 타고 다른 장기로 전이한다. 그 결과 저단백혈증  탈수증  빈혈 등을 일으켜 전신 상태가 몹시 나빠지고  간장이나 신장의 장애를 일으킨다.  진행암의 단계에서 발견하고도 방치하면 보통 1~2년 안에 사망하며  젊을수록 그 속도가 빠르다.
32,십이지장,협심증,증상,가장 중요한 증상은 흉통이다. 흔히 빨리 걷거나 언덕을 오르거나 힘든 일을 할 때  추운 날 따뜻한 실내에 있다가 갑자기 밖으로 나갈 때에 앞가슴의 한가운데를 압박하거나  조이거나 쥐어짜는 듯한 통증으로 나타난다. 이와 함께 어깨나 팔  목  턱으로 통증이 뻗치는 경우도 있고  목을 압박하는 듯한 증상이나 치통을 느끼는 수도 있다.  통증이 심한 경우에는 기운이 빠지면서 진땀이 나고  호흡곤란  울렁거림  가슴이 뛰는 증상을 동반할 수 있다. 한편 고령자나 당뇨병 환자의 경우에는 흉통이 없이 유난히 숨이 찬 증상만으로 나타나기도 한다.  통증의 지속시간은 협심증의 종류에 따라 다소 다르지만  몇 초 또는 몇 분(보통 3~10분)이고  15분 이상은 드물다. 빈도도 여러 가지로 하루에 몇 번씩 발작하는 것과 며칠 또는 몇 개월 만에 발작하는 것도 있다. 협심증은 통증 이외에 별다른 증상은 없다. 협심증 발작이라는 것은 악화되지 않았다 하더라도 비교적 가볍고  금방 괜찮아지기 때문에 그냥 방치하기 쉽다. 그러나 위험성이 높은 질환이므로 일단 증상을 자각했으면 무엇보다도 의사의 진찰을 받는 것이 증상을 악화시키지 않는 방법이다.
33,식도,빈혈,증상,우리가 흔히 알고 있는 것과는 다르게 빈혈은 어지럼증이 아닌 다른 증상으로 나타나는 경우가 많다. 오히려 묵직한 느낌의 두통이나 답답한 느낌이 있는 경우가 더 흔하다. 여자의 경우에는 많은 양의 월경에 의해 혈액과 철분의 유실되면서 빈혈이 발생하는 경우도 흔히 있다. 경미한 빈혈이 있거나 장기간에 걸쳐서 서서히 빈혈이 생기게 되면 우리 몸이 적응할 시간을 갖게 되므로 증상이 전혀 없는 경우도 있다.  일단 빈혈이 생기게 되면 피부가 창백해지는데  특히 얼굴  입술  잇몸  눈의 결막  손톱 바닥등에 특징적으로 나타난다.  손금을 보면 핑크색이 도는 부분이 없어지고 손톱의 광택이 없고  부서지기 쉽다.  아침에 일어났을 때 몸이 붓는 증상도 생긴다.  그리고 쉽게 피로감을 느끼며  조금만 움직여도 쉽게 숨이 차고  심장이 두근거리는 심계항진  호흡 곤란  수족냉증 등도 나타날 수 있다.  1. 만성 출혈에 의한 빈혈  대변이 검게 나온다면 위장관 어디에선가 출혈이 계속되어 그 피가 변과 함께 섞여 나오는 것을 의심해볼 수 있다.  2. 용혈성 빈혈  빈혈의 일반적인 증세에 더불어 황달  담석증 등이 나타나기도 한다.  3. 재생 불량성 빈혈  피를 만들어내는 골수의 기능 저하로 적혈구  백혈구  혈소판이 모두 감소한다.  4. 철 결핍성 빈혈  가장 흔한 빈혈로 헤모글로빈 합성에 필요한 철분이 부족하여 생기는 빈혈이며  빈혈의 일반적인 증세와 손  발톱의 변형이 있을 수 있다.  전신의 조직이나 장기는 산소와 영양소를 화합시켜서 에너지를 얻고 있으므로  영양소가 많아도 산소가 부족하면 충분한 에너지를 얻지 못하여 활동이 저하되는 것이다. 또한  혈액이 산소부족 상태가 되면 이를 보충하려고 심장이나 폐가 여분으로 활동해야 하므로 부담이 무거워져서 그로 인한 증세가 나타나는 수도 있다.  # 그 밖에 빈혈로 올 수 있는 증상은 다음과 같다.  1. 전신 증상  어지러움  두통  실신  근력저하  귀에서 잡음이 들림  예민해짐  수면장애  집중력 부족  추위에 잘 견디지 못함  몸이 나른함  월경불순  성욕감퇴  2. 소화기 증상  식욕부진  소화불량  구역질  구토  배변장애  복부불쾌감  변비  설사  3. 순환기 증상  가슴이 두근거림 또는 맥박이 빨리 뜀
34,식도,식도암,증상,음식물이 잘 내려가지 않는 연하곤란(dysphasia)과 짧은 기간 동안의 체중 감소는 식도암의 가장 흔한 증상이므로  그 원인이 암과 관련이 있는지를 조기에 밝혀 주는 것이 중요하다.  초기 식도암의 단계에서는 무엇을 삼킬 때 목구멍이 막히는 듯한 느낌 외에 흉골 뒤쪽의 통증  흉통  전신이 나른하고  식욕이 없고  가슴이 쓰리는 등의 증상이 있다. 대개 이런 증상 중의 어떤 것이든 나타나는 것이 보통이지만  전혀 증상 없이 우연히 발견되는 경우도 10% 가까이 된다.  암이 진행 되면 위의 증상들이 차츰 심해지고  연하곤란이 나타나게 된다.  1. 연하곤란  아주 작은 식도의 종양은 증상을 일으키지 않는다. 이 종양이 자라면서 가장 흔히 나타내는 증상은 음식을 먹기 힘든 것(연하곤란)이다. 환자는 음식을 먹으면서 꽉 찬 느낌  압박감 또는 타는 듯한 느낌을 겪게 된다. 또한 가슴 안쪽에서 음식이 꽉 걸린 듯한 느낌을 받을 수 있고  음식 삼키는 것과 관련된 문제들은 나타났다 사라지는 것이 반복한다.  처음에는 이런 증상들이 밥  고기  빵  야채 등을 먹을 때만 나타나지만  식도암이 진행하여 식도가 현저히 좁아지면 부드러운 음식을 먹거나 물을 마실 때에도 연하곤란을 느끼게 된다.  이런 연하곤란은 암의 증상이기도 하지만  암 이외의 식도의 질병에 의해서도 발생하며  폐·종격·갑상선의 종양이나 염증  대동맥류나 선천적인 혈관의 주행이상 등의 압박 증세로 생기는 수가 있으므로  식도암의 증상이라고 판단을 하는 것은 금물이다.  2. 체중감소  체중감소는 일반적으로 진행된 암에서 자주 나타나는 증상이다. 이는 대부분 연하곤란으로 식사량을 줄인 결과이며  결국 저영양 상태가 되어 체중이 줄게 된다. 3개월 동안 5-6kg의 체중이 감소하면 주의해야 한다.  속쓰림  구토  목이 메이는 듯한 증상이 나타나기도 하고  기침이나 목이 쉬는 것도 진행된 식도암의 증상일 수 있다.
35,식도,위암,증상,위암의 초기에는 거의 별다른 증상이 없거나  있어도 모호하기 때문에 상당히 진행되어서야 발견되므로 이것이 완치율이 낮은 주원인이 된다. 그러므로 40세 이상의 환자에서 비특이적 증상으로 상복부 팽만감·불쾌감. 소화불량 및 통증이 있거나  이와 함께 식욕부진  체중감소  빈혈 등이 있으면 즉시 전문의사의 진료를 받아야 한다.  이러한 증상은 흔히 볼 수 있는 급.만성 위염이나 십이지장.위궤양의 증상과 유사하기 때문에 상기의 증상이 있는 경우 환자는 대수롭지 않는 소화불량 정도로 생각하고  소화제나 제산제를 장기 복용하면서 대증요법을 하게 되는 경우가 많아 결국 시기를 놓치게 되는 예가 많이 있다.  위암이 더욱 진행되면 복부에 종괴가 만져지고 구토가 나며  출혈로 인한 토혈을 하거나 혈변을 보게 되고  연하곤란이 일어나고  체중감소  권태감 등 전신증상이 나타나게 된다.  위암은 초기에 발견하여 치료를 받는 것이 이상적인데  방치하면 자꾸 발육해서 주위의 정상적인 조직에 장애를 줄 뿐만 아니라  혈액이나 림프액의 흐름을 타고 다른 장기로 전이한다. 그 결과 저단백혈증  탈수증  빈혈 등을 일으켜 전신 상태가 몹시 나빠지고  간장이나 신장의 장애를 일으킨다.  진행암의 단계에서 발견하고도 방치하면 보통 1~2년 안에 사망하며  젊을수록 그 속도가 빠르다.
36,식도,협심증,증상,가장 중요한 증상은 흉통이다. 흔히 빨리 걷거나 언덕을 오르거나 힘든 일을 할 때  추운 날 따뜻한 실내에 있다가 갑자기 밖으로 나갈 때에 앞가슴의 한가운데를 압박하거나  조이거나 쥐어짜는 듯한 통증으로 나타난다. 이와 함께 어깨나 팔  목  턱으로 통증이 뻗치는 경우도 있고  목을 압박하는 듯한 증상이나 치통을 느끼는 수도 있다.  통증이 심한 경우에는 기운이 빠지면서 진땀이 나고  호흡곤란  울렁거림  가슴이 뛰는 증상을 동반할 수 있다. 한편 고령자나 당뇨병 환자의 경우에는 흉통이 없이 유난히 숨이 찬 증상만으로 나타나기도 한다.  통증의 지속시간은 협심증의 종류에 따라 다소 다르지만  몇 초 또는 몇 분(보통 3~10분)이고  15분 이상은 드물다. 빈도도 여러 가지로 하루에 몇 번씩 발작하는 것과 며칠 또는 몇 개월 만에 발작하는 것도 있다. 협심증은 통증 이외에 별다른 증상은 없다. 협심증 발작이라는 것은 악화되지 않았다 하더라도 비교적 가볍고  금방 괜찮아지기 때문에 그냥 방치하기 쉽다. 그러나 위험성이 높은 질환이므로 일단 증상을 자각했으면 무엇보다도 의사의 진찰을 받는 것이 증상을 악화시키지 않는 방법이다.
37,뇌졸중,고혈압,증상,30세 이상 한국인 1백 명 가운데 10~15명은 고혈압을 가지고 있다. 그러나 이들 고혈압 환자의 20%만이 자신이 고혈압임을 알고 있다. 그것은 고혈압의 특별한 증상이 거의 없기 때문이다. 그래서 특별한 치료 없이 방치되는 경우가 많다.  단지 혈압이 갑자기 올라가면 두통  어지러움  졸립거나 의식장애  손과 발의 감각장애나 마비  호흡 곤란  가슴 통증  얼굴과 사지의 부종 등의 증상이 나타날 수 있다.  그러나 고혈압을 치료하지 않고 방치할 경우 심장 뿐만이 아니라 혈관이 있는 우리 신체 내의 전기관에 광범위한 합병증이 생길 수 있다.  심장이 과도한 일을 해야 하므로 심부전이 생기고  관상동맥의 동맥경화를 유발시켜 협심증이나 심근경색증이 생긴다. 지속적인 신장기능의 저하로 신부전을 유발시키고  눈의 혈관에 합병증이 생기면 심할 경우 실명할 수도 있다. 그리고 뇌로 가는 혈관을 손상시켜서 뇌졸중의 위험도를 증가시킨다.  이런 여러 가지 합병증은 일단 생기면 완치가 불가능하므로 합병증이 생기기 전에 적절한 치료를 받아야 합병증 발생을 예방하고 악화를 방지할 수 있다. 또한 처음 고혈압을 진단 받을 당시에 이러한 합병증의 유무에 대해서도 검사를 받아야 한다.
38,뇌졸중,뇌경색,증상,증상은 막힌 부위에 따라 다양하게 나타날 수 있는데 반신마비  감각이상  언어장애 등이 흔하고 뇌혈관의 끝부분이 막힌 경우는 뇌의 좁은 부위에만 경색이 국한되기 때문에 뇌압 상승이 비교적 경미하여 약물치료만으로 뇌압조절이 가능하나  뇌혈관의 굵은 부위가 막힌 경우는 한쪽 뇌가 대부분 혈액공급을 받지 못해 망가지게 되고 따라서 심한 뇌압의 상승을 유발하게 된다. 이럴 경우 뇌압조절을 위해 뇌수술을 요하게 되는데 심한 경우는 수술로써도 큰 효과를 기대하기 어렵다.  종류에 따른 증상  1. 뇌혈전  뇌의 동맥에 동맥경화가 있으며 내강이 좁아지고  그 부위에 혈액의 체중이 생긴다. 그 때문에 혈전이 생기어 내강을 폐색해 버리는 것이 뇌혈전이다.  보통은 안면을 포함한 한쪽 손발의 마비나 감각의 저하가 생긴다. 혀가 잘 돌지 않는 수가 많고  실어증을 일으키는 수도 있으며  때로는 의식장애가 서서히 심하게 되어 혼수상태에 빠지는 수도 있다.  2. 뇌색전  뇌 이외의 부위에 발생한 혈전(심장질환이 있을 경우에 생기기 쉽다)  세균  종양  지방 따위의 덩어리가 혈액 속에 흘러 들어서  뇌의 동맥에 걸려 폐색시키는 것을 말한다.  뇌혈전과 거의 같은 증세가 나타나지만  갑자기 일어나서  증세가 몇 분만에 나타나는 것이 특징으로  뇌혈전과 같이 시간이 흐름에 따라 서서히 심해지는 경우는 흔치 않다.  3. 출혈성 뇌경색  뇌경색을 일으켜도 막힌 혈전 따위가 자연히 녹아서  다시 혈액이 흐르게 되는 수가 있다. 그렇게 되면 폐색되어 있던 부위에서 앞쪽의 동맥을 혈액이 흘러오지 않았기 때문에 장애되어 있었으므로  혈류가 재개되면 약해진 동맥벽에서 혈액이 배어나와 뇌 속으로 출혈하게 된다. 이것을 출혈성 뇌경색이라고 한다.  자리잡고 있던 뇌경색의 병세가 며칠 있다가 갑자기 악화되었을 때에는 출혈성 뇌경색의 가능성이 있지만  증세가 가벼운 경우에는  CT 스캔이나 뇌혈관 촬영 따위를 하지 않으면 분명하게 알 수 없는 수도 있다.
39,뇌졸중,조울증,증상,조울증 환자라 하더라도 아무런 증상이 없을 때가 있다. 그러나 별 문제없이 잘 지내다가도 조증이나 우울증 상태가 되면 그 상태에 따라 다양한 증상이 나타난다. 조증 상태에서는 기분이 좋고 들뜨고 의기양양해지거나 말이 많고 빨라지며 목소리도 우렁차고 자신감에 넘친다. 평상시와 달리 에너지가 넘쳐 할 일도 많고 계획도 너무 많으며 분주하지만 일을 마무리 짓지 못한다. 밤에 잠을 안 자고  식사를 안하고 지내도 에너지가 넘쳐 피곤하지 않고 거뜬하다. 대단한 일을 위해서 밤에 잠도 안자고 계획하기도 한다. 그러나 이상야릇한 밝은 색깔의 옷이나 보석 등으로 별난 몸치장을 하거나  물건도 많이 사고  값비싼 차량을 사기도 하여 경제적 손실도 커지는 등의 문제점이 생기기도 한다. 쉽게 바람도 피우고 미혼 여성이라도 이성들과 지울 수 없는 상처를 얻고 지나치게 술을 과음하는 경우가 많고  절제력의 상실로 인해 전화를 지나치게 사용한다. 또 어떤 때는 상대방의 입장은 전혀 개의치 않고 쓸데없는 장거리 전화를 마구 걸기도 한다. 반대로 우울상태에서는 거의 매일 우울한 기분이 지속되고  매사에 재미가 없어지며 입맛도 없고  잠을 못자고 피곤하며  의욕도 없고  집중력도 떨어지며  죄책감에 시달리고  심할 경우에는 죽고 싶은 생각까지 들게 된다. 조울증의 증상은 우울증의 양상과 정반대의 기분상태이다.
40,뇌졸중,편두통,증상,전형적인 편두통은 전구증상으로 갑자기 눈 앞에 번쩍거리는 느낌이 있고  눈이 피로해지고  시야가 흐려지고  한쪽 또는 양쪽 팔다리에 감각의 이상 등 국소 신경 증상이 나타난다. 그러나 대부분의 경우 분명한 전구 증상을 알기는 힘들고  뇌동맥이 확장하게 되면 편두통을 느끼게 된다.  편두통은 발작적으로 짧게 그리고 맥박이 뛰는 것과 함께 통증을 느끼게 되고  흔히 오심이나 구토  광선 공포  전신무력  시야 흐림  이상 감각  현훈(어지러움) 등의 증상들이 동반될 수 있다.  통증은 대개 24~48시간 동안 지속되며  몇 주 또는 몇 달 간격으로 발생하는 주기성을 가지는 경우도 있다.
41,뇌졸중,혈관성 치매,증상,초기에는 병에 대한 의식이나 판단력은 비교적 유지가 되는 편이나  우울감 등의 정서적 불안  억제력의 상실  자기 중심적인 태도  자극에 대한 과민한 반응 등이 특징적으로 나타난다.  또한 구음 장애  연하곤란  보행장애 등의 국소적 신경학적 증상이 나타나며  급격하게 발병하며  단계적으로 진행하여 황폐화가 나타날 수 있다.  뇌출혈 등이 원인일 경우에는 보다 급속하게 치매가 발생하며  뇌졸중의 부위에 따라 증상이 다양하게 나타날 수 있다.
42,척추,골다공증,골다공증은 어떻게 진단하나요?,척추나 대퇴골의 골밀도 검사(이중 에너지 방사선 흡수법(DXA))로 골다공증을 진단할 수 있다. 세계보건기구(WHO)에서는 젊은 성인군 평균치의 2.5 표준편차 이하의 골밀도(T 점수 -2.5 이하)를 골다공증으로  1~2.5표준편차 사이의 골밀도(T 점수 -1.0~-2.5)를 골다공증의 전단계인 골감소증으로 진단한다. 그러나 골감소증이라고 해서 골다공증보다 상태가 좋은 것이라고 안심하면 안 된다.  예를 들면 70대 여성은 T 점수가 -2.0으로 골감소증이어도 T-점수가 -2.5인 50대 골다공증 환자보다 골절의 확률이 더 높으므로 골다공증 치료를 받아야 한다.  또한 폐경 전 여성이나 젊은 남성에서 골다공증이 진단된 경우는 이차적인 원인에 의해서 골다공증이 발생했을 가능성이 높기 때문에 무조건 골다공증 약을 복용하기보다 원인질환을 찾아서 치료하는 것이 더 시급하다. 때문에 전문의의 도움을 받아 골밀도 검사 및 골절이 발생할 수 있는 위험요인을 잘 평가해서 필요한 경우 조기에 치료를 시작하는 것이 중요하다.
43,척추,요추염좌,증상,급성기에는 근육경직으로 심한 통증이 발생하여 허리 및 다리의 운동이 제한되고 경직이 있는 쪽으로 허리가 옆으로 휘는 측만된 자세를 취하게 된다. 아주 심한 경우에는 갑자기 허리를 전혀 움직이지 못할 정도의 심한 통증이 나타나기도 한다.  만성 염좌시에는 급성기보다 경미한 통증을 호소하나 불규칙적이고 자주 재발되며 오래 지속된다. 항상 요추부에 피로감을 느끼며 자세에 따라 통증이 악화되기도 한다.  근육경직  요부의 양측 혹은 편측에 경직을 볼 수 있으며 편측 경직이 심한 경우 척추의 측만을 초래하게 된다.  압통  병변부위의 압박에 통증을 호소하나 때로는 불확실하며 전체 요부에 넓게 퍼지면서 모호하게 불편감이나 통증을 호소하는 경우도 있고  둔부에 막연한 통증을 호소하기도 한다. 심한 경우에는 엉덩이가 빠져 내리는 것 같은 통증을 나타낼 수도 있다. 통증은 활동시 증가하고 휴식을 취하면 완화된다.  방사통  둔부와 대퇴부의 후방이나 외측으로 연장되고 무릎관절이하로 방사되는 경우는 드물며 대부분의 경우 하지의 근육약화  감각둔화 등 신경증세는 나타나지 않는다.    요추운동은 급성기에는 근경직으로 심하게 제한되며 요부의 굴곡  신전  회전 운동을 수행케 할 때 통증이 유발된다. 요부의 근육 및 대퇴슬곽근의 경직으로 하지직거상 검사에서 제한을 볼 수 있고 통증이 유발된다. 또 주위조직이 반사적으로 수축함에 따라 근육의 강직과 허리 운동에 제한이 올 수 있다.
44,척추,전박골 골절,증상,전박골 한개만 골절되었을 때는 쉽게 인지가 안된다. 손가락을 움직일 때 압통이 있고 이상운동이 있다. 두개 다 골절일 때는 골절 증상을 초래할 수 있다.
45,척추,척추 MRI,주의사항,임산부의 경우 자기공명이 태아에게 미치는 안정성이 아직 입증되지 않았기 때문에 피하는 것이 좋다.  인공 심장 박동기  금속성 관절 또는 핀을 삽입한 경우와 같이 신체 어딘가에 금속성의 물질을 이식한 환자의 경우에는 자석에 의해 체내에서 물체가 이동하여 손상을 입힐 수 있으므로 검사를 받을 수 없다.   검사 전  특별한 사전 조치는 요구되지 않지만  강력한 자기장을 이용하여 검사하므로 자기장에 영향을 받을 수 있는 소지품은 모두 제거해야 한다. 만약 교통 카드나 신용 카드 등을 소지하고 검사를 받게 되면 기록 내용이 모두 삭제된다. 또한 금속성의 인공치아 등도 제거해야 한다.   검사 시  검사 하는 동안에는 몸을 움직여서는 안되고 검사직원의 지시에 따라야 한다.
46,알레르기,감기,증상,감염된 바이러스의 종류에 따라서도  또 호흡기의 어느 곳이 주로 침해되었느냐에 따라서도 증세는 달라진다.  일반적으로 감기의 흔한 증상은 콧물이 나오고 코가 막히며 가래를 동반한 기침 등의 호흡기 증상과 목에 염증이 생기며 열이 나고  기운이 없으면서 온몸이 쑤시고 아픈 전신 증상이 있다.  1. 코감기  코감기는 리노바이러스에 의해 나타나는 가장 흔한 감기이다. 증상은 주체할 수 없을 정도로 많은 콧물이 나고  코가 간지러우면서 재채기가 많이 나며  코막힘  두통  미열 등이 있을 수 있다.  2. 목감기  목감기는 주로 아데노바이러스에 의한 감기로 목안쪽의 인두에 염증을 일으켜서 목안이 충혈되고  목이 붓고 아프며  간질간질 하고 심한 경우는 목이 잠겨서 목소리가 잘 나오지 않을 정도로 쉬게 되고 때로는 눈꼽도 낄 수 있다.  목감기시 흔히 열은 섭씨 약 38도이고 두통이 있고  관절통이 있고  피로하고  기운이 없고 온몸과 팔다리가 쑤시고 아픈 증상이 있어서 “몸살감기”라고도 한다.  3. 기타  그 외에도 파라인플루엔자 바이러스는 급성 후두염을 잘 일으켜서 목이 쉬고  개짖는 듯한 컹컹하는 기침 증상을 나타낸다.  RS바이러스는 폐의 작은 기관지에 급성 모세기관지염을 일으켜서 주로 밤잠을 못잘 정도로 심한 기침과 많은 양의 가래를 뱉는 증상을 일으키며 호흡곤란까지 일으킨다.  4. 유행성 독감  인플루엔자 바이러스에 의한 유행성 독감은 일반적인 감기 증상과 달라서 아주 심한 고열과 춥고 떨리는 오한이 나면서  온몸의 뼈마디가 쑤시는 몸살 증세가 나타나고  객담이 별로 없는 마른 기침 등의 증상이 나타난다.  대개는 발열이나 오한과 함께 여러 가지 증상이 복합적으로 나타나게 되며  드물게는 결막염이나 설사가 같이 동반되기도 한다.  감기는 대부분 1주일 정도면 가라앉지만 심한 경우에는 한 달 이상 지속되어 합병증을 유발할 수 있으므로 안정을 취하면서 충분한 영양 섭취를 하는 것이 좋다.  영  유아에서는 발열  기침 등의 염증 증상 외에도 급격하게 호흡곤란에 빠져들 때가 있으므로  아이가 감기에 걸렸을 때에는 호흡의 상태를 주의해서 살펴야 한다.   # 합병증  옛날부터 감기는 만병의 근원이라고 전하여 왔다. 이는 감기를 대수롭지 않게 소홀히 하면 합병증을 일으키고 또는 생명에 위독한 질병도 처음에는 마치 감기처럼 시작하기 때문이다.  감기의 주요 3대 합병증으로서 중이염  축농증(부비동염)  기관지염이 있고  그외 비염  폐렴  뇌막염(무균성 뇌수막염)등이 있다.  감기 증상이 3주 이상 지속되거나 청력감소  귀의 통증  코가 목 뒤로 넘어가는 증상인 후비루  만성기침 등의 증상이 있는 경우 합병증을 의심해 볼 수 있다.  만성 기관지염  기관지 천식  기관지 확장증 등 만성 폐쇄성 폐질환을 가지고 있는 환자는 감기에 걸려 증상이 더 악화되고  급성 호흡부전을 일으킬 수 있다.  심장판막증 등 심장병을 가진 환자가 감기에 걸리면 울혈성 심부전증으로 호흡곤란 등 증상이 심해질 수 있으므로 특별히 주의해야 한다.  때로는 1년 내내 콧물  재채기  기침  눈가려움증 등으로 고생한다고 하는 환자는 감기라기 보다는 “알레르기성 비염”일 가능성이 많다.  특히 노인의 경우는 합병증이 생겨도 겉으로는 증상이 뚜렷하지 않은 경우가 많으므로 감기로 오랫동안 시름시름 앓으면 반드시 전문의의 진단을 받아보아야 한다.
47,알레르기,만성 피로증후군,증상,* 지연성 피로 (prolonged fatigue) : 1개월이나 그이상 지속되는 피로 * 만성 피로 (chronic fatigue) : 6개월이나 그이상 지속하거나 재발되는 피로  만성피로 증후군 (chronic fatigue syndrome) 은 임상적으로 평가해서 설명을 할 수 없는 피로의 경우로서 다음과 같은 기준에 맞을때 만성피로 증후군이라 한다.  [만성피로증후군의 CDC 기준  1994]  임상적으로 평가해서 설명할수 없고 지속적이거나 재발성인 피로 과로에 의한 피로가 아니고 휴식에 의해 피로가 개선되지 않으며 직업적  교육적  사회적 개인 활동이 저하된다.  다음의 8개 증상중에 4개이상이 동시에 발생하며 6개월이나 그이상 지속되거나 재발하는 만성 피로이다.  -기억력이나 집중력 장애 -후두통 -압통을 동반한 경부  액와부  임파절 증대 -근육통 -염증이 없는 다발성 관절통 -새로생긴 두통 -수면장애(개운치 못한 수면) -경도의 운동후 발생하는 24시간 지속되는 권태감  만성피로증후군이라고 진단된 환자에서 80%가 여자이며 대부분 25-45세 사이였다. 전염성이나 유전성이라는 증거는 없으며 이질환으로 사망하지는 않는다 증상은 감기에 걸리는 것같이 갑자기 오거나 대부분은 서서히 나타나며 기간은 2-3년에서 대부분 3-6년이상걸려 회복하거나 10년 이상 지속하는 경우도 있다
48,알레르기,아토피성 피부염,증상,아토피성 피부염의 임상양상은 가려움이 있으며  피부가 거칠고 건조하고  증상이 악화와 호전을 반복하는 등 매우 다양하여 개개인의 차이뿐 아니라 연령에 따라서도 차이가 있고  인종에 따라서도 임상양상의 차이가 있다.  아토피성 피부염은 다음과 같이 분류한다.  1. 영아형 아토피성 피부염  가장 흔한 형태이고 태어난 직후부터 한 살 이전에 나타나는데  대개 백일을 전후하여 많이 발생하며  유아기에는 진물이나 딱지 형태의 급성 습진성 병변의 양상을 흔히 나타낸다. 초기에는 뺨  이마  두피 등의 피부가 거칠고  붉은색을 띠며 아이들이 몹시 보채는 특징을 보이며  기저귀가 닿는 부분이나  몸이 접히는 부분에 심하게 나타날 수 있다. 또한 체간이나 사지에도 병변이 같이 있는 경우도 있으며 귓볼  팔꿈치 안쪽과 무릎 뒤 부위의 특징적인 침범은 유아기의 후반에 형성되는데  간혹 출생 시 엄마로부터 여성호르몬을 받아서 이것에 의한 경우가 있으므로 이를 잘 구분해 주어야 하며  아이들이 어리고  지저분하게 보인다고 집에서 자주 씻기는 것은 권장할만한 방법이 못 된다.  2. 소아형 아토피성 피부염  대개 3세에서 10세 전후에 발생하는 형태로 일부에서는 영아형이 소아형으로 진행되기도 하며  이때는 영아형에서 보이던 소견이 많이 완화되어 안면부위에는 덜 침범 되나 팔꿈치 안쪽과 무릎 뒤 부위는 후기로 갈수록 침범이 뚜렷해지는데  피부가 전반적으로 건조하며  얇은 피부조각이 많이 일어나고  특히 팔다리의 접히는 부분이 두꺼워져 있으며 심한 가려움증 때문에 밤에 잠을 못자는 경우가 많다. 특히 건조한 계절인 겨울철에 더욱 심하고  수영이나 목욕 후에 더 가려움을 호소하는 경우가 있다. 일부 환자에서는 손바닥이나 발바닥이 두꺼워지고  갈라져서 마치 엄마들에게서 보이는 주부습진의 형태를 나타내는 수가 많다.  3. 성인형 아토피성 피부염  성인형은 대개 늦게 아토피성 피부염이 발생한 경우나  어릴 적에 있던 아토피성 피부염이 없어졌다가 다시 발생하는 경우로 외관상으로는 피부염을 나타내지 않으며  이마  눈 주위 등 특히 얼굴이나 목 부위가 심하게 두꺼워져 있고  피부건조  자극성 물질에 의한 피부자극이 있으면 주부습진이나 가려움증 등으로 생활에 지장을 초래할 정도로 고생하는 경우가 있다. 다른 형에 비하여 치료가 잘 안되고  심하면 평생 지속되는 예가 많다.
49,알레르기,중이염,증상,가장 흔한 증상으로는 열  귀의 통증이 있고 그 외에는 보채거나 잠을 잘 못 잠  귀가 답답한 느낌  청력저하  귀에서 고름이 흘러나오는 증상(고막이 뚫려진 것이다) 등이 있다.  초기에는 스스로 느낄 수 있거나 겉으로 드러나는 증세가 없는 경우가 많은데  특히 아기들은 표현을 하지 못하기 때문에 중이염에 걸렸는지 모르고 지내다가 나중에 알게 되는 경우가 흔하다. 따라서 기침  콧물 등 감기 증세가 있거나 열이 날 때는 반드시 담당의사의 진찰을 받아 중이염이 생겼는지 확인해야 한다. 특히 예전에 중이염을 앓은 적이 있으면 꼭 중이염이 생겼는지 자주 확인해야 한다.  어린이의 경우 미숙아  저체중 출생아  선천적인 입 안의 기형  공갈꼭지를 많이 빠는 아기  모유를 먹지 않은 아이  6세 이하  유아원에 다니는 아이  담배연기 등 자극에 노출되어 있는 아이  집 안에 중이염 환자가 있는 경우에는 중이염에 잘 걸리고 또 잘 낫지 않는 경우가 많다.  # 합병증  중이염 환자의 약 10% 에서 만성화하는 것을 볼 수 있는데 비교적 가벼운 합병증으로부터 치료가 급한 심한 합병증까지 다양하다. 물론 항생제의 성능이 향상되면서 심한 합병증의 발생률은 뚜렷하게 줄어들었다. 그러나 일단 합병증이 발생하면 심각하므로 예방이 중요하고 발생한 경우엔 가급적 빠른 진단과 적절한 치료를 해야 한다.  합병증으로는 고막천공  급성 유양돌기염  유착성 중이염  고실경화증  이소골 단절  안면신경마비  내이염  추체염  두개내 합병증 등이 발생될 수 있다.  고막천공  염증으로 인해 고막이 뚫어진 상태다. 진물이 나오지만 심하지 않은 경우에는 국소 항생제(점이액)로 염증을 치료하고 염증이 심하면 항생제 복용이 필요하기도 하다.  급성 유양돌기염  귀 뒤쪽 뼈인 유양돌기에 염증이 생긴 것으로 대개의 중이염에서 동반 한다. 필요한 경우 중이염 수술시 유양동의 염증이 있는 뼈조직을 함께 제거한다.  유착성 중이염  만성염증의 치유과정에서 고막이 안쪽으로 밀려들면서 안쪽 벽에 붙게 되 는 질환이다. 전음성 난청이 초래되고  고막이나 귓구멍의 피부가 귓속으로 자라 들어가 면 진주종을 형성할 수 있다.  고실경화증  만성염증이나 외상으로 인해 고막이나 고막안쪽의 중이강 내의 점막이 두꺼워지면서 칼슘과 인이 침착되는 질환이다. 고막에 큰 경화증 조각이 있거나 경화증 덩어리에 의해서 소리를 전달하는 귀뼈(이소골)가 움직이지 못하면 전음성 난청이 유발되어 수술이 필요하기도 하다.  이소골 단절  만성염증에 의해 고막과 연결되어 소리를 전달하는 귀뼈가 녹아 연결이 끊어진 경우로서 염증을 치료한 후 이소골 성형술을 시행하여 청력을 개선시킬 수 있다.  급성 중이염의 합병증  삼출성 중이염이 발생될 수 있고 장기간 지속되는 경우 만성 중이염으로 진행할 수 있다.  안면신경마비  급성이나 만성 중이염에서 염증에 의해 발생할 수 있다. 급성 중이염의 합병증인 경우 고막을 절개하여 고름을 배출시키고 적절한 항생제를 골라 투여한다. 만성 중이염의 합병증이면 염증을 제거하는 수술을 하고 안면신경 감압술이란 수술로 회복을 도모한다.  미로염  내이에 염증이 침범한 것으로  중이염의 합병증으로 유발된 경우 뇌막염으로 진행되어 치명적일 수 있으므로 심한 현기증과 난청이 있는 경우에는 이를 꼭 확인해야 한다.  추체염  귓속 가장 깊은 곳에 위치한 뼈인 추체골에 염증이 생긴 것으로  눈 뒤쪽의 통증  눈을 움직이는 근육의 마비 등의 증상을 동반한다.  그 밖에 뇌와 관련된 합병증으로 뇌막염  경막외/경막하 농양  뇌농양 등이 있으며  이 경우 심한 두통과 구토나 목이 뻣뻣해지는 등의 뇌압상승 증상이 동반되며 신속한 진단과 치료가 요구된다.
50,알레르기,폐렴,증상,폐렴은 초기에는 감기 정도의 가벼운 증상을 보이지만  급속히 진행되면서 고열  기침  흉통  호흡곤란  녹색의 농성 가래 등의 호흡기계 증상을 나타내고  때에 따라서는 바이러스성 폐렴과 세균성 폐렴이 혼합 감염을 일으켜서 매우 위험한 상황에 처하게 된다.  특히 어린이나 노약자는 기관지 폐렴에 걸리면 호흡곤란이나 청색증 등 심한 증상을 보일 수 있으므로 초기에 의사의 진찰을 받아 치료해야 한다.  일반적으로 3~4일간 감기 증상이 계속된 뒤  폐렴 환자의 80% 정도는 열을 동반하며  가래가 생기고  대부분 호흡수가 분당 20회를 초과하게 된다.  열이 높을 때에는 얼굴이 붉어지고  숨결도 거칠어지며  흉통을 느끼는 경우도 있다. 그리고 폐에서 원활한 산소 공급이 이루어지지 않아 몽롱해지며  입술이 보랏빛으로 변하는 경우도 있다. 또한 호흡할 때마다 명치 주변이 함몰하는 일도 있다.  원인이 되는 세균에 따라서 설사  구토  경련  청색증 등의 증상도 나타난다. 신생아나 미숙아에게는 열이 나지 않은 채 발병(무열성 폐렴)하는 일도 있다.  폐렴 이외에도 급성 기관지염  부비동염  그리고 다양한 다른 감염성 질환에서도 비슷한 증상이 나타날 수 있기 때문에 혼동을 일으킬 수 있으므로 주의가 필요하다.  # 합병증  폐렴에 의한 합병증으로 늑막염이 생길 수 있다. 늑막염은 흉벽과 폐 사이에 있는 얇은 두 장의 늑막 사이에 염증성 진물이 고이는 것을 말한다.  늑막염이 심해지면 화농이 되면서 고름이 두 장의 늑막 사이에 차게 되는데  이것을 농흉 이라고 한다.  또한 폐렴이 심한 경우에는 뇌나 뇌수막까지 감염증이 퍼질 수 있으며  폐렴을 일으킨 병원균이 혈액 속으로 들어가서 패혈증을 일으킬 수 있다.
51,알레르기,화폐상 피부염,증상,손등  팔  다리  허벅지  엉덩이 등 우리 온몸 어디에나 발생할 수 있는데  이는 여름이면 증상이 약간 좋아졌다가도 겨울이 되면 심해지고 자주 재발하는 만성적인 질병이다.  증상은 처음에 아주 작은 반점  구진으로 시작하여 때로 수포가 생기면서 진물도 나오며  차차 딱지가 앉으면서 원형이나 타원형  또는 불규칙한 형상으로 변해가며 온몸에 퍼져간다.  이 질환에 걸리면 가려움증이 아주 심한데  그것도 발작적으로 일순간에 가려움증이 엄습해 오는데  특히 낮보다는 밤에 더 심해져 잠을 이루지 못한다. 그렇다고 마구 긁다 보면 여기저기에 상처가 나고 피가 맺혀 세균이 감염되는 수도 있으며  술은 가려움증을 더 심하게 만든다.
52,인후,감기,증상,감염된 바이러스의 종류에 따라서도  또 호흡기의 어느 곳이 주로 침해되었느냐에 따라서도 증세는 달라진다.  일반적으로 감기의 흔한 증상은 콧물이 나오고 코가 막히며 가래를 동반한 기침 등의 호흡기 증상과 목에 염증이 생기며 열이 나고  기운이 없으면서 온몸이 쑤시고 아픈 전신 증상이 있다.  1. 코감기  코감기는 리노바이러스에 의해 나타나는 가장 흔한 감기이다. 증상은 주체할 수 없을 정도로 많은 콧물이 나고  코가 간지러우면서 재채기가 많이 나며  코막힘  두통  미열 등이 있을 수 있다.  2. 목감기  목감기는 주로 아데노바이러스에 의한 감기로 목안쪽의 인두에 염증을 일으켜서 목안이 충혈되고  목이 붓고 아프며  간질간질 하고 심한 경우는 목이 잠겨서 목소리가 잘 나오지 않을 정도로 쉬게 되고 때로는 눈꼽도 낄 수 있다.  목감기시 흔히 열은 섭씨 약 38도이고 두통이 있고  관절통이 있고  피로하고  기운이 없고 온몸과 팔다리가 쑤시고 아픈 증상이 있어서 “몸살감기”라고도 한다.  3. 기타  그 외에도 파라인플루엔자 바이러스는 급성 후두염을 잘 일으켜서 목이 쉬고  개짖는 듯한 컹컹하는 기침 증상을 나타낸다.  RS바이러스는 폐의 작은 기관지에 급성 모세기관지염을 일으켜서 주로 밤잠을 못잘 정도로 심한 기침과 많은 양의 가래를 뱉는 증상을 일으키며 호흡곤란까지 일으킨다.  4. 유행성 독감  인플루엔자 바이러스에 의한 유행성 독감은 일반적인 감기 증상과 달라서 아주 심한 고열과 춥고 떨리는 오한이 나면서  온몸의 뼈마디가 쑤시는 몸살 증세가 나타나고  객담이 별로 없는 마른 기침 등의 증상이 나타난다.  대개는 발열이나 오한과 함께 여러 가지 증상이 복합적으로 나타나게 되며  드물게는 결막염이나 설사가 같이 동반되기도 한다.  감기는 대부분 1주일 정도면 가라앉지만 심한 경우에는 한 달 이상 지속되어 합병증을 유발할 수 있으므로 안정을 취하면서 충분한 영양 섭취를 하는 것이 좋다.  영  유아에서는 발열  기침 등의 염증 증상 외에도 급격하게 호흡곤란에 빠져들 때가 있으므로  아이가 감기에 걸렸을 때에는 호흡의 상태를 주의해서 살펴야 한다.   # 합병증  옛날부터 감기는 만병의 근원이라고 전하여 왔다. 이는 감기를 대수롭지 않게 소홀히 하면 합병증을 일으키고 또는 생명에 위독한 질병도 처음에는 마치 감기처럼 시작하기 때문이다.  감기의 주요 3대 합병증으로서 중이염  축농증(부비동염)  기관지염이 있고  그외 비염  폐렴  뇌막염(무균성 뇌수막염)등이 있다.  감기 증상이 3주 이상 지속되거나 청력감소  귀의 통증  코가 목 뒤로 넘어가는 증상인 후비루  만성기침 등의 증상이 있는 경우 합병증을 의심해 볼 수 있다.  만성 기관지염  기관지 천식  기관지 확장증 등 만성 폐쇄성 폐질환을 가지고 있는 환자는 감기에 걸려 증상이 더 악화되고  급성 호흡부전을 일으킬 수 있다.  심장판막증 등 심장병을 가진 환자가 감기에 걸리면 울혈성 심부전증으로 호흡곤란 등 증상이 심해질 수 있으므로 특별히 주의해야 한다.  때로는 1년 내내 콧물  재채기  기침  눈가려움증 등으로 고생한다고 하는 환자는 감기라기 보다는 “알레르기성 비염”일 가능성이 많다.  특히 노인의 경우는 합병증이 생겨도 겉으로는 증상이 뚜렷하지 않은 경우가 많으므로 감기로 오랫동안 시름시름 앓으면 반드시 전문의의 진단을 받아보아야 한다.
53,인후,갑상선기능항진증,증상,갑상선 기능 항진증의 대표적인 증세는 더위를 참지 못하는 것인데  흔하게 보이는 증상들은 다음과 같다.  # 흔하게 보이는 증상들  - 더위 참기가 어렵다(열 불내성) - 열의 발생이 많아져 체온을 정상으로 유지하기 위해서 피부의 혈관이 확장되고 땀을 많이 흘린다. - 겨울에는 추위를 덜 느낀다. - 피부가 따뜻하고 부드러우며  머리카락이 가늘고 잘 끊어진다. - 특별한 이유가 없이 피부가 가렵다. - 손톱이 잘 부스러지고 때로는 손톱과 그 밑이 뜨는 조갑박리증이 나타난다. - 손에서 미세한 떨림(진전)이 나타난다. - 활동량이 많다. - 팔과 허벅지 주위 근육이 약해지고 다리가 주기적으로 마비 될 수 있다. - 식욕이 좋은데도 신진대사가 항진되어 체중이 감소한다. - 쉽게 피로를 느끼고 전신 쇠약감으로 팔다리 힘이 빠진다. - 손이 떨리고 맥박이 빨라지고 가슴이 두근거린다(심계항진). 노인에게는 부정맥인 심방세동이 나타날 수 있다. - 언덕을 오르거나 계단을 오를 때 평소보다 더 심하게 숨이 찬다. - 신경이 예민해지고 불안해져서 흥분을 잘하고 주위 사람들과 다투는 경우가 많다. - 폐경기 여성에게서 골다공증이 나타날 수 있고  관절통이 생기기도 한다.  그 외 외관상으로는 갑상선이 비대해지는 것을 흔히 볼 수 있는데  갑상선이 목 앞 부분에 있어 목이 굵은 것처럼 보인다. 그러나 이런 증상이 일어나지 않는 경우도 있으므로 목 앞의 덩어리 크기만 가지고 갑상선 기능이 정상인지 알 수는 없다.  일부 환자는 눈이 커지고 튀어나오는 안구돌출이 나타나는데  이 역시 모든 환자에서 나타나는 것은 아니다. 환자마다 그 정도가 다른데 서양인에 비해 우리나라 사람은 비교적 경미한 편이다.  희발 월경 또는 무월경이 흔히 관찰된다. 그러나 대개 배란은 유지되고 임신도 가능하지만 자연 유산 및 선천성 이상의 빈도가 증가한다.  대장 운동이 항진 되어 배변 횟수가 증가하고  때로는 설사를 하기도 한다. 드물게는 남자에서 유방 비대가 생기고 성욕의 감퇴 증상도 보이게 된다.
54,인후,식도암,증상,음식물이 잘 내려가지 않는 연하곤란(dysphasia)과 짧은 기간 동안의 체중 감소는 식도암의 가장 흔한 증상이므로  그 원인이 암과 관련이 있는지를 조기에 밝혀 주는 것이 중요하다.  초기 식도암의 단계에서는 무엇을 삼킬 때 목구멍이 막히는 듯한 느낌 외에 흉골 뒤쪽의 통증  흉통  전신이 나른하고  식욕이 없고  가슴이 쓰리는 등의 증상이 있다. 대개 이런 증상 중의 어떤 것이든 나타나는 것이 보통이지만  전혀 증상 없이 우연히 발견되는 경우도 10% 가까이 된다.  암이 진행 되면 위의 증상들이 차츰 심해지고  연하곤란이 나타나게 된다.  1. 연하곤란  아주 작은 식도의 종양은 증상을 일으키지 않는다. 이 종양이 자라면서 가장 흔히 나타내는 증상은 음식을 먹기 힘든 것(연하곤란)이다. 환자는 음식을 먹으면서 꽉 찬 느낌  압박감 또는 타는 듯한 느낌을 겪게 된다. 또한 가슴 안쪽에서 음식이 꽉 걸린 듯한 느낌을 받을 수 있고  음식 삼키는 것과 관련된 문제들은 나타났다 사라지는 것이 반복한다.  처음에는 이런 증상들이 밥  고기  빵  야채 등을 먹을 때만 나타나지만  식도암이 진행하여 식도가 현저히 좁아지면 부드러운 음식을 먹거나 물을 마실 때에도 연하곤란을 느끼게 된다.  이런 연하곤란은 암의 증상이기도 하지만  암 이외의 식도의 질병에 의해서도 발생하며  폐·종격·갑상선의 종양이나 염증  대동맥류나 선천적인 혈관의 주행이상 등의 압박 증세로 생기는 수가 있으므로  식도암의 증상이라고 판단을 하는 것은 금물이다.  2. 체중감소  체중감소는 일반적으로 진행된 암에서 자주 나타나는 증상이다. 이는 대부분 연하곤란으로 식사량을 줄인 결과이며  결국 저영양 상태가 되어 체중이 줄게 된다. 3개월 동안 5-6kg의 체중이 감소하면 주의해야 한다.  속쓰림  구토  목이 메이는 듯한 증상이 나타나기도 하고  기침이나 목이 쉬는 것도 진행된 식도암의 증상일 수 있다.
55,결막염,감기,증상,감염된 바이러스의 종류에 따라서도  또 호흡기의 어느 곳이 주로 침해되었느냐에 따라서도 증세는 달라진다.  일반적으로 감기의 흔한 증상은 콧물이 나오고 코가 막히며 가래를 동반한 기침 등의 호흡기 증상과 목에 염증이 생기며 열이 나고  기운이 없으면서 온몸이 쑤시고 아픈 전신 증상이 있다.  1. 코감기  코감기는 리노바이러스에 의해 나타나는 가장 흔한 감기이다. 증상은 주체할 수 없을 정도로 많은 콧물이 나고  코가 간지러우면서 재채기가 많이 나며  코막힘  두통  미열 등이 있을 수 있다.  2. 목감기  목감기는 주로 아데노바이러스에 의한 감기로 목안쪽의 인두에 염증을 일으켜서 목안이 충혈되고  목이 붓고 아프며  간질간질 하고 심한 경우는 목이 잠겨서 목소리가 잘 나오지 않을 정도로 쉬게 되고 때로는 눈꼽도 낄 수 있다.  목감기시 흔히 열은 섭씨 약 38도이고 두통이 있고  관절통이 있고  피로하고  기운이 없고 온몸과 팔다리가 쑤시고 아픈 증상이 있어서 “몸살감기”라고도 한다.  3. 기타  그 외에도 파라인플루엔자 바이러스는 급성 후두염을 잘 일으켜서 목이 쉬고  개짖는 듯한 컹컹하는 기침 증상을 나타낸다.  RS바이러스는 폐의 작은 기관지에 급성 모세기관지염을 일으켜서 주로 밤잠을 못잘 정도로 심한 기침과 많은 양의 가래를 뱉는 증상을 일으키며 호흡곤란까지 일으킨다.  4. 유행성 독감  인플루엔자 바이러스에 의한 유행성 독감은 일반적인 감기 증상과 달라서 아주 심한 고열과 춥고 떨리는 오한이 나면서  온몸의 뼈마디가 쑤시는 몸살 증세가 나타나고  객담이 별로 없는 마른 기침 등의 증상이 나타난다.  대개는 발열이나 오한과 함께 여러 가지 증상이 복합적으로 나타나게 되며  드물게는 결막염이나 설사가 같이 동반되기도 한다.  감기는 대부분 1주일 정도면 가라앉지만 심한 경우에는 한 달 이상 지속되어 합병증을 유발할 수 있으므로 안정을 취하면서 충분한 영양 섭취를 하는 것이 좋다.  영  유아에서는 발열  기침 등의 염증 증상 외에도 급격하게 호흡곤란에 빠져들 때가 있으므로  아이가 감기에 걸렸을 때에는 호흡의 상태를 주의해서 살펴야 한다.   # 합병증  옛날부터 감기는 만병의 근원이라고 전하여 왔다. 이는 감기를 대수롭지 않게 소홀히 하면 합병증을 일으키고 또는 생명에 위독한 질병도 처음에는 마치 감기처럼 시작하기 때문이다.  감기의 주요 3대 합병증으로서 중이염  축농증(부비동염)  기관지염이 있고  그외 비염  폐렴  뇌막염(무균성 뇌수막염)등이 있다.  감기 증상이 3주 이상 지속되거나 청력감소  귀의 통증  코가 목 뒤로 넘어가는 증상인 후비루  만성기침 등의 증상이 있는 경우 합병증을 의심해 볼 수 있다.  만성 기관지염  기관지 천식  기관지 확장증 등 만성 폐쇄성 폐질환을 가지고 있는 환자는 감기에 걸려 증상이 더 악화되고  급성 호흡부전을 일으킬 수 있다.  심장판막증 등 심장병을 가진 환자가 감기에 걸리면 울혈성 심부전증으로 호흡곤란 등 증상이 심해질 수 있으므로 특별히 주의해야 한다.  때로는 1년 내내 콧물  재채기  기침  눈가려움증 등으로 고생한다고 하는 환자는 감기라기 보다는 “알레르기성 비염”일 가능성이 많다.  특히 노인의 경우는 합병증이 생겨도 겉으로는 증상이 뚜렷하지 않은 경우가 많으므로 감기로 오랫동안 시름시름 앓으면 반드시 전문의의 진단을 받아보아야 한다.
56,백내장,당뇨병,증상,당뇨병의 4대 증상  1. 다뇨 2. 다음 3. 다갈 4. 다식  이것은 스스로 느끼는 최초의 증상으로 많은 양의 소변을 보게 되니까 자연히 갈증이 심해지고  그로 인해 물을 많이 마시게 된다. 그리고 항상 배가 고파서 아무리 먹어도 공복감이 생긴다.  그 외에 체중 감소  쇠약감 등을 호소할 수 있다. 인슐린 의존형 당뇨병에서는 체중의 감소가 아주 심하지만  인슐린 비의존형 당뇨병에서는 약간의 체중 감소가 있을 뿐 흔히 비만한 채로 남아있는 경우가 흔하다.  여성에서는 당뇨로 인해 음부의 가려움증을 호소하는 경우가 흔한데  환자들이 호소하는 증상 중에는 종아리의 경련이나 손가락 끝의 저림 등 비특이적인 것들도 있다. 일반적으로 경련은 흔히 밤에 심하고  발저림의 증상이 발끝에는 잘 생기지 않는것이 특징이다.  변비도 가끔 환자들이 호소하는 증상이며  고혈당으로 안구의 렌즈 굴곡도가 달라져 시력이 떨어지기도 한다.  합병증  당뇨병을 치료하지 않고 그대로 두면 인체 내 여러 곳에 나쁜 영향을 미쳐 치료하기 어려운 합병증이 발생되어 위험한 상태가 될 수 있으므로 조기 진단에 의해 올바른 치료를 계속해야 한다.  1. 혼수 2. 눈의 출혈  백내장  시력장애  망막증 3. 신부전증 4. 신경병증 (팔 다리의 감각상실  수족냉증  야간 통증  경련 등) 5. 상처 치유의 지연 6. 고혈압 7. 고지혈증 8. 동맥경화증 9. 관상동맥 경화증  협심증 10. 감염증(폐렴  칸디다 질염  종기 등)  부스럼  가려움증  또한 위와 장의 자율신경계에 신경병증이 오게 되면 속이 더부룩하고 구토  변비 설사가 일어나기도 하며  방광이나 직장에 오면 대소변을 자신의 의지와 관계없이 보게 되는 요실금이나 대변실금을 나타낼 수 있다.  그 외의 모든 신경에 신경병증을 일으킬 수 있고  그에 따라 여러 가지 증상이 나타날 수 있다.
57,백내장,풍진,증상,잠복기는 14내지 21이며 잠복기가 지나면 먼저 감기 몸살처럼 2-3일간 열이 나고 온몸이 쑤시는 증상이 있다가 피부에 붉은 반점이 나타난다. 피부발진은 얼굴에서 시작해서 1-2일 동안에 가슴  배  팔  다리로 번져 나간다. 눈의 결막이 충혈하기도 한다. 이밖에 가벼운 기침이 나거나 목이 빨개지고 아프거나  고열이 계속되고 성인에서는 두통이나 요통이 있는 경우도 있다. 풍진의 증세는 일반적으로 소아에서는 가볍고 성인에서는 위중한 경향이 있으나 발병 후 3일째가 고비이고  4일째부터는 열이 내리고 발진  눈의 충혈  림프절의 종창 등도 3~5일이면 가시며 낫는다. 임산부가 풍진에 걸리면 태아에게 나쁜 영향을 미쳐서 사산하거나 기형아를 낳게나 하는 위험이 있어서  임산부는 특히 풍진을 조심해야 하고 여성들은 15세 전후에 꼭 풍진 예방접종을 추가로 받아두어야 한다. 임신초기(3개월이전)에 감염되면 초기 유산되는 경우가 많고 유산은 피했더라도 약 50-75%가 기형아를 분만하게 되며 또는 사산아를 낳거나 태어난 후 수일 후 생명을 잃기도 하는 무서운 병이다. 임신 3-7개월 사이에 감염되면 이때 조산이 되거나 약 25%가 기형아를 낳는다. 간비장 종대  정신지체  선천성 심장질환(동맥관 개존증  폐동맥지협착  심방 및 심실중격 결손 등)  백내장  청각 장애 등 치명적인 다발성 기형을 가진 선천성 풍진 증후군을 초래할 수 있다. 풍진은 한 번 걸리면 두 번 다시 걸리지 않는다. 또 아기는 어머니로부터 받은 면역체로 생후 6개월 정도까지 잘 이환하지 않는다. 따라서 3~10세의 소아에게 많으나 소아기에 감염이 되지 않고 청년기에 이환 되는 사람도 있다.  - 합병증 폐렴  수막염이나 뇌염  혈소판감소성자반병 등을 일으키는 일이 있으나 확률은 드물다.
58,비염,감기,증상,감염된 바이러스의 종류에 따라서도  또 호흡기의 어느 곳이 주로 침해되었느냐에 따라서도 증세는 달라진다.  일반적으로 감기의 흔한 증상은 콧물이 나오고 코가 막히며 가래를 동반한 기침 등의 호흡기 증상과 목에 염증이 생기며 열이 나고  기운이 없으면서 온몸이 쑤시고 아픈 전신 증상이 있다.  1. 코감기  코감기는 리노바이러스에 의해 나타나는 가장 흔한 감기이다. 증상은 주체할 수 없을 정도로 많은 콧물이 나고  코가 간지러우면서 재채기가 많이 나며  코막힘  두통  미열 등이 있을 수 있다.  2. 목감기  목감기는 주로 아데노바이러스에 의한 감기로 목안쪽의 인두에 염증을 일으켜서 목안이 충혈되고  목이 붓고 아프며  간질간질 하고 심한 경우는 목이 잠겨서 목소리가 잘 나오지 않을 정도로 쉬게 되고 때로는 눈꼽도 낄 수 있다.  목감기시 흔히 열은 섭씨 약 38도이고 두통이 있고  관절통이 있고  피로하고  기운이 없고 온몸과 팔다리가 쑤시고 아픈 증상이 있어서 “몸살감기”라고도 한다.  3. 기타  그 외에도 파라인플루엔자 바이러스는 급성 후두염을 잘 일으켜서 목이 쉬고  개짖는 듯한 컹컹하는 기침 증상을 나타낸다.  RS바이러스는 폐의 작은 기관지에 급성 모세기관지염을 일으켜서 주로 밤잠을 못잘 정도로 심한 기침과 많은 양의 가래를 뱉는 증상을 일으키며 호흡곤란까지 일으킨다.  4. 유행성 독감  인플루엔자 바이러스에 의한 유행성 독감은 일반적인 감기 증상과 달라서 아주 심한 고열과 춥고 떨리는 오한이 나면서  온몸의 뼈마디가 쑤시는 몸살 증세가 나타나고  객담이 별로 없는 마른 기침 등의 증상이 나타난다.  대개는 발열이나 오한과 함께 여러 가지 증상이 복합적으로 나타나게 되며  드물게는 결막염이나 설사가 같이 동반되기도 한다.  감기는 대부분 1주일 정도면 가라앉지만 심한 경우에는 한 달 이상 지속되어 합병증을 유발할 수 있으므로 안정을 취하면서 충분한 영양 섭취를 하는 것이 좋다.  영  유아에서는 발열  기침 등의 염증 증상 외에도 급격하게 호흡곤란에 빠져들 때가 있으므로  아이가 감기에 걸렸을 때에는 호흡의 상태를 주의해서 살펴야 한다.   # 합병증  옛날부터 감기는 만병의 근원이라고 전하여 왔다. 이는 감기를 대수롭지 않게 소홀히 하면 합병증을 일으키고 또는 생명에 위독한 질병도 처음에는 마치 감기처럼 시작하기 때문이다.  감기의 주요 3대 합병증으로서 중이염  축농증(부비동염)  기관지염이 있고  그외 비염  폐렴  뇌막염(무균성 뇌수막염)등이 있다.  감기 증상이 3주 이상 지속되거나 청력감소  귀의 통증  코가 목 뒤로 넘어가는 증상인 후비루  만성기침 등의 증상이 있는 경우 합병증을 의심해 볼 수 있다.  만성 기관지염  기관지 천식  기관지 확장증 등 만성 폐쇄성 폐질환을 가지고 있는 환자는 감기에 걸려 증상이 더 악화되고  급성 호흡부전을 일으킬 수 있다.  심장판막증 등 심장병을 가진 환자가 감기에 걸리면 울혈성 심부전증으로 호흡곤란 등 증상이 심해질 수 있으므로 특별히 주의해야 한다.  때로는 1년 내내 콧물  재채기  기침  눈가려움증 등으로 고생한다고 하는 환자는 감기라기 보다는 “알레르기성 비염”일 가능성이 많다.  특히 노인의 경우는 합병증이 생겨도 겉으로는 증상이 뚜렷하지 않은 경우가 많으므로 감기로 오랫동안 시름시름 앓으면 반드시 전문의의 진단을 받아보아야 한다.
59,비염,아토피성 피부염,증상,아토피성 피부염의 임상양상은 가려움이 있으며  피부가 거칠고 건조하고  증상이 악화와 호전을 반복하는 등 매우 다양하여 개개인의 차이뿐 아니라 연령에 따라서도 차이가 있고  인종에 따라서도 임상양상의 차이가 있다.  아토피성 피부염은 다음과 같이 분류한다.  1. 영아형 아토피성 피부염  가장 흔한 형태이고 태어난 직후부터 한 살 이전에 나타나는데  대개 백일을 전후하여 많이 발생하며  유아기에는 진물이나 딱지 형태의 급성 습진성 병변의 양상을 흔히 나타낸다. 초기에는 뺨  이마  두피 등의 피부가 거칠고  붉은색을 띠며 아이들이 몹시 보채는 특징을 보이며  기저귀가 닿는 부분이나  몸이 접히는 부분에 심하게 나타날 수 있다. 또한 체간이나 사지에도 병변이 같이 있는 경우도 있으며 귓볼  팔꿈치 안쪽과 무릎 뒤 부위의 특징적인 침범은 유아기의 후반에 형성되는데  간혹 출생 시 엄마로부터 여성호르몬을 받아서 이것에 의한 경우가 있으므로 이를 잘 구분해 주어야 하며  아이들이 어리고  지저분하게 보인다고 집에서 자주 씻기는 것은 권장할만한 방법이 못 된다.  2. 소아형 아토피성 피부염  대개 3세에서 10세 전후에 발생하는 형태로 일부에서는 영아형이 소아형으로 진행되기도 하며  이때는 영아형에서 보이던 소견이 많이 완화되어 안면부위에는 덜 침범 되나 팔꿈치 안쪽과 무릎 뒤 부위는 후기로 갈수록 침범이 뚜렷해지는데  피부가 전반적으로 건조하며  얇은 피부조각이 많이 일어나고  특히 팔다리의 접히는 부분이 두꺼워져 있으며 심한 가려움증 때문에 밤에 잠을 못자는 경우가 많다. 특히 건조한 계절인 겨울철에 더욱 심하고  수영이나 목욕 후에 더 가려움을 호소하는 경우가 있다. 일부 환자에서는 손바닥이나 발바닥이 두꺼워지고  갈라져서 마치 엄마들에게서 보이는 주부습진의 형태를 나타내는 수가 많다.  3. 성인형 아토피성 피부염  성인형은 대개 늦게 아토피성 피부염이 발생한 경우나  어릴 적에 있던 아토피성 피부염이 없어졌다가 다시 발생하는 경우로 외관상으로는 피부염을 나타내지 않으며  이마  눈 주위 등 특히 얼굴이나 목 부위가 심하게 두꺼워져 있고  피부건조  자극성 물질에 의한 피부자극이 있으면 주부습진이나 가려움증 등으로 생활에 지장을 초래할 정도로 고생하는 경우가 있다. 다른 형에 비하여 치료가 잘 안되고  심하면 평생 지속되는 예가 많다.
60,전립선,대장암,증상,대장암은 다양한 증상을 일으킬 수 있으나 특징적인 증상은 없다. 상당한 경우에서는 아무런 증상이 없는데도 불구하고 각종 검사로 대장암이 진단되기도 한다.  그러나 평소의 배변습관과는 달리 변비나 설사가 새로 나타나서 상당 기간 계속될 때  배가 자주 아플 때  대변의 굵기가 가늘어질 때  대변에 피가 묻거나 섞여 나올 때  그리고 대변을 본 이후에도 덜 본 것 같은 잔변감 또는 후중증이 있을 때는 나이가 40세 이상이면 대장암을 한번쯤 의심해 보아야 한다.  이런 증상은 대장  직장 또는 항문의 다른 질환일 때에도 흔히 나타나므로 정확한 검사로 구별해야 한다. 물론 암의 일반적인 증상인 체중 감소  식욕 감퇴  원인 미상의 피로감 또는 빈혈도 대장암에서 흔히 나타나는 증상이다.  증상의 종류와 정도는 대장에서 암이 어느 부위에 있는지 또는 어떤 모양인지  종양이 장을 막는지  그리고 암의 진행 정도에 따라 다양하다. 예를 들면 직장암에서는 대변에 피가 묻어 나오는 경우가 흔하고  좌측 대장암에서는 대변에 피가 섞여 나올 수 있으며  우측의 대장(상행결장)암에서는 흔히 눈에 보이지 않을 정도의 출혈이 계속되어 빈혈이 발생하기도 한다.  이런 경우에는 대변에 섞여 있는 아주 적은 양의 피도 찾아낼 수 있는 대변 잠혈검사가 진단에 큰 도움이 된다. 때로는 환자 스스로가 배를 눌러보아 덩어리가 있음을 알아차리는 경우도 있다. 종양이 장을 막아서 장폐색증이 발생하면 복통이 심하고 배가 불러지며 장이 꿈틀거리며 움직이는 것을 스스로 느낄 수도 있다.  좌측의 대장(하행결장  에스상 결장  직장)암에서는 평소의 배변습관과는 달리 변비나 설사를 일으키기도 하며  직장이나 에스상 결장과 같이 항문 가까운 곳에 암이 생길 때에는 변을 보기 힘들거나 대변이 가늘어지는 경우를 흔히 경험하게 된다.  대장암이 간으로 전이되는 경우에는 오른쪽 윗배가 뻐근하게 아플 수 있으며 황달이 나타나기도 한다. 복막으로 전이되면 배 전체가 답답하고 불편하며 때로는 복수가 차서 배가 불러지는 경우도 있다. 폐로 전이된 경우에는 호흡곤란과 기침이 문제가 되며 늑막에 전이되면 흉통과 호흡곤란을 호소하게 된다.
61,골다공증,갑상선기능항진증,증상,갑상선 기능 항진증의 대표적인 증세는 더위를 참지 못하는 것인데  흔하게 보이는 증상들은 다음과 같다.  # 흔하게 보이는 증상들  - 더위 참기가 어렵다(열 불내성) - 열의 발생이 많아져 체온을 정상으로 유지하기 위해서 피부의 혈관이 확장되고 땀을 많이 흘린다. - 겨울에는 추위를 덜 느낀다. - 피부가 따뜻하고 부드러우며  머리카락이 가늘고 잘 끊어진다. - 특별한 이유가 없이 피부가 가렵다. - 손톱이 잘 부스러지고 때로는 손톱과 그 밑이 뜨는 조갑박리증이 나타난다. - 손에서 미세한 떨림(진전)이 나타난다. - 활동량이 많다. - 팔과 허벅지 주위 근육이 약해지고 다리가 주기적으로 마비 될 수 있다. - 식욕이 좋은데도 신진대사가 항진되어 체중이 감소한다. - 쉽게 피로를 느끼고 전신 쇠약감으로 팔다리 힘이 빠진다. - 손이 떨리고 맥박이 빨라지고 가슴이 두근거린다(심계항진). 노인에게는 부정맥인 심방세동이 나타날 수 있다. - 언덕을 오르거나 계단을 오를 때 평소보다 더 심하게 숨이 찬다. - 신경이 예민해지고 불안해져서 흥분을 잘하고 주위 사람들과 다투는 경우가 많다. - 폐경기 여성에게서 골다공증이 나타날 수 있고  관절통이 생기기도 한다.  그 외 외관상으로는 갑상선이 비대해지는 것을 흔히 볼 수 있는데  갑상선이 목 앞 부분에 있어 목이 굵은 것처럼 보인다. 그러나 이런 증상이 일어나지 않는 경우도 있으므로 목 앞의 덩어리 크기만 가지고 갑상선 기능이 정상인지 알 수는 없다.  일부 환자는 눈이 커지고 튀어나오는 안구돌출이 나타나는데  이 역시 모든 환자에서 나타나는 것은 아니다. 환자마다 그 정도가 다른데 서양인에 비해 우리나라 사람은 비교적 경미한 편이다.  희발 월경 또는 무월경이 흔히 관찰된다. 그러나 대개 배란은 유지되고 임신도 가능하지만 자연 유산 및 선천성 이상의 빈도가 증가한다.  대장 운동이 항진 되어 배변 횟수가 증가하고  때로는 설사를 하기도 한다. 드물게는 남자에서 유방 비대가 생기고 성욕의 감퇴 증상도 보이게 된다.
62,골다공증,골다공증,골다공증은 어떻게 진단하나요?,척추나 대퇴골의 골밀도 검사(이중 에너지 방사선 흡수법(DXA))로 골다공증을 진단할 수 있다. 세계보건기구(WHO)에서는 젊은 성인군 평균치의 2.5 표준편차 이하의 골밀도(T 점수 -2.5 이하)를 골다공증으로  1~2.5표준편차 사이의 골밀도(T 점수 -1.0~-2.5)를 골다공증의 전단계인 골감소증으로 진단한다. 그러나 골감소증이라고 해서 골다공증보다 상태가 좋은 것이라고 안심하면 안 된다.  예를 들면 70대 여성은 T 점수가 -2.0으로 골감소증이어도 T-점수가 -2.5인 50대 골다공증 환자보다 골절의 확률이 더 높으므로 골다공증 치료를 받아야 한다.  또한 폐경 전 여성이나 젊은 남성에서 골다공증이 진단된 경우는 이차적인 원인에 의해서 골다공증이 발생했을 가능성이 높기 때문에 무조건 골다공증 약을 복용하기보다 원인질환을 찾아서 치료하는 것이 더 시급하다. 때문에 전문의의 도움을 받아 골밀도 검사 및 골절이 발생할 수 있는 위험요인을 잘 평가해서 필요한 경우 조기에 치료를 시작하는 것이 중요하다.
63,고지혈증,뇌경색,증상,증상은 막힌 부위에 따라 다양하게 나타날 수 있는데 반신마비  감각이상  언어장애 등이 흔하고 뇌혈관의 끝부분이 막힌 경우는 뇌의 좁은 부위에만 경색이 국한되기 때문에 뇌압 상승이 비교적 경미하여 약물치료만으로 뇌압조절이 가능하나  뇌혈관의 굵은 부위가 막힌 경우는 한쪽 뇌가 대부분 혈액공급을 받지 못해 망가지게 되고 따라서 심한 뇌압의 상승을 유발하게 된다. 이럴 경우 뇌압조절을 위해 뇌수술을 요하게 되는데 심한 경우는 수술로써도 큰 효과를 기대하기 어렵다.  종류에 따른 증상  1. 뇌혈전  뇌의 동맥에 동맥경화가 있으며 내강이 좁아지고  그 부위에 혈액의 체중이 생긴다. 그 때문에 혈전이 생기어 내강을 폐색해 버리는 것이 뇌혈전이다.  보통은 안면을 포함한 한쪽 손발의 마비나 감각의 저하가 생긴다. 혀가 잘 돌지 않는 수가 많고  실어증을 일으키는 수도 있으며  때로는 의식장애가 서서히 심하게 되어 혼수상태에 빠지는 수도 있다.  2. 뇌색전  뇌 이외의 부위에 발생한 혈전(심장질환이 있을 경우에 생기기 쉽다)  세균  종양  지방 따위의 덩어리가 혈액 속에 흘러 들어서  뇌의 동맥에 걸려 폐색시키는 것을 말한다.  뇌혈전과 거의 같은 증세가 나타나지만  갑자기 일어나서  증세가 몇 분만에 나타나는 것이 특징으로  뇌혈전과 같이 시간이 흐름에 따라 서서히 심해지는 경우는 흔치 않다.  3. 출혈성 뇌경색  뇌경색을 일으켜도 막힌 혈전 따위가 자연히 녹아서  다시 혈액이 흐르게 되는 수가 있다. 그렇게 되면 폐색되어 있던 부위에서 앞쪽의 동맥을 혈액이 흘러오지 않았기 때문에 장애되어 있었으므로  혈류가 재개되면 약해진 동맥벽에서 혈액이 배어나와 뇌 속으로 출혈하게 된다. 이것을 출혈성 뇌경색이라고 한다.  자리잡고 있던 뇌경색의 병세가 며칠 있다가 갑자기 악화되었을 때에는 출혈성 뇌경색의 가능성이 있지만  증세가 가벼운 경우에는  CT 스캔이나 뇌혈관 촬영 따위를 하지 않으면 분명하게 알 수 없는 수도 있다.
64,고지혈증,당뇨병,증상,당뇨병의 4대 증상  1. 다뇨 2. 다음 3. 다갈 4. 다식  이것은 스스로 느끼는 최초의 증상으로 많은 양의 소변을 보게 되니까 자연히 갈증이 심해지고  그로 인해 물을 많이 마시게 된다. 그리고 항상 배가 고파서 아무리 먹어도 공복감이 생긴다.  그 외에 체중 감소  쇠약감 등을 호소할 수 있다. 인슐린 의존형 당뇨병에서는 체중의 감소가 아주 심하지만  인슐린 비의존형 당뇨병에서는 약간의 체중 감소가 있을 뿐 흔히 비만한 채로 남아있는 경우가 흔하다.  여성에서는 당뇨로 인해 음부의 가려움증을 호소하는 경우가 흔한데  환자들이 호소하는 증상 중에는 종아리의 경련이나 손가락 끝의 저림 등 비특이적인 것들도 있다. 일반적으로 경련은 흔히 밤에 심하고  발저림의 증상이 발끝에는 잘 생기지 않는것이 특징이다.  변비도 가끔 환자들이 호소하는 증상이며  고혈당으로 안구의 렌즈 굴곡도가 달라져 시력이 떨어지기도 한다.  합병증  당뇨병을 치료하지 않고 그대로 두면 인체 내 여러 곳에 나쁜 영향을 미쳐 치료하기 어려운 합병증이 발생되어 위험한 상태가 될 수 있으므로 조기 진단에 의해 올바른 치료를 계속해야 한다.  1. 혼수 2. 눈의 출혈  백내장  시력장애  망막증 3. 신부전증 4. 신경병증 (팔 다리의 감각상실  수족냉증  야간 통증  경련 등) 5. 상처 치유의 지연 6. 고혈압 7. 고지혈증 8. 동맥경화증 9. 관상동맥 경화증  협심증 10. 감염증(폐렴  칸디다 질염  종기 등)  부스럼  가려움증  또한 위와 장의 자율신경계에 신경병증이 오게 되면 속이 더부룩하고 구토  변비 설사가 일어나기도 하며  방광이나 직장에 오면 대소변을 자신의 의지와 관계없이 보게 되는 요실금이나 대변실금을 나타낼 수 있다.  그 외의 모든 신경에 신경병증을 일으킬 수 있고  그에 따라 여러 가지 증상이 나타날 수 있다.
65,고지혈증,혈관성 치매,증상,초기에는 병에 대한 의식이나 판단력은 비교적 유지가 되는 편이나  우울감 등의 정서적 불안  억제력의 상실  자기 중심적인 태도  자극에 대한 과민한 반응 등이 특징적으로 나타난다.  또한 구음 장애  연하곤란  보행장애 등의 국소적 신경학적 증상이 나타나며  급격하게 발병하며  단계적으로 진행하여 황폐화가 나타날 수 있다.  뇌출혈 등이 원인일 경우에는 보다 급속하게 치매가 발생하며  뇌졸중의 부위에 따라 증상이 다양하게 나타날 수 있다.
66,고지혈증,협심증,증상,가장 중요한 증상은 흉통이다. 흔히 빨리 걷거나 언덕을 오르거나 힘든 일을 할 때  추운 날 따뜻한 실내에 있다가 갑자기 밖으로 나갈 때에 앞가슴의 한가운데를 압박하거나  조이거나 쥐어짜는 듯한 통증으로 나타난다. 이와 함께 어깨나 팔  목  턱으로 통증이 뻗치는 경우도 있고  목을 압박하는 듯한 증상이나 치통을 느끼는 수도 있다.  통증이 심한 경우에는 기운이 빠지면서 진땀이 나고  호흡곤란  울렁거림  가슴이 뛰는 증상을 동반할 수 있다. 한편 고령자나 당뇨병 환자의 경우에는 흉통이 없이 유난히 숨이 찬 증상만으로 나타나기도 한다.  통증의 지속시간은 협심증의 종류에 따라 다소 다르지만  몇 초 또는 몇 분(보통 3~10분)이고  15분 이상은 드물다. 빈도도 여러 가지로 하루에 몇 번씩 발작하는 것과 며칠 또는 몇 개월 만에 발작하는 것도 있다. 협심증은 통증 이외에 별다른 증상은 없다. 협심증 발작이라는 것은 악화되지 않았다 하더라도 비교적 가볍고  금방 괜찮아지기 때문에 그냥 방치하기 쉽다. 그러나 위험성이 높은 질환이므로 일단 증상을 자각했으면 무엇보다도 의사의 진찰을 받는 것이 증상을 악화시키지 않는 방법이다.
67,각막염,헤르페스성 각막염,증상,단순포진성 각막염  Type I  II의 두 가지로 나뉘는데  Type I은 주로 입과 눈에 발생하며  Type II는 주로 생식기에 그 증상이 나타난다. 대개는 한쪽 눈에만 나타나며  4~6% 정도에서 양안에 발병한다.  첫 증상은 흔히 눈의 자극감  눈부심 및 눈물 흘림 등이며  병변이 각막중심에 있을 때에는 시력장애도 동반된다. 발병초기부터 각막의 지각이 저하되는 특징이 있기 때문에 통증을 잘 느끼지 못하여 증상이 경미한 것처럼 오인하게 된다.  가장 대표적인 각막궤양의 모양은 나뭇가지 모양의 궤양(수지상 궤양;Dendritic ulcer)이다. 이것은 초기에는 점모양으로 퍼져 나타나다가 병의 진행과 더불어 선모양으로 모여 나타나는 것이다. 이 궤양은 확대되어 지도모양(geographic ulcer)으로 나타나기도 한다.  동반된 상피하혼탁(subepithelial opacity)은 1년 정도 후 소실된다. 심한 경우 원판형 각막염(disciform keratitis)도 발생한다.  각막궤양이 심할 경우는 홍채모양체염과 더불어 각막의 천공까지 이르는 수도 있다. 이 천공이 일어나면 완전히 실명하는 경우가 많으므로 예견되는 상황에서는 이식수술 등 즉각적인 치료를 한다.  대상포진성 각막염  처음에는 각막지각이 저하되며 미세한 점모양의 혼탁이 점차 심해져서 수지상  원판형으로까지 나타난다. 각막중심부의 부종과 그로 인한 아래쪽의 주름도 나타나고  이 부종이 파열되어 궤양이 나타나기도 한다. 오랜 시간이 경과하면 영구적인 반흔이 남는다.  포도막염(눈의 가장 바깥쪽의 공막과 가장 안쪽의 망막 사이에 있는 포도막에 염증이 생긴 것) 증세도 수주에서 수개월간 지속될 수 있다.
68,대장,갑상선기능항진증,증상,갑상선 기능 항진증의 대표적인 증세는 더위를 참지 못하는 것인데  흔하게 보이는 증상들은 다음과 같다.  # 흔하게 보이는 증상들  - 더위 참기가 어렵다(열 불내성) - 열의 발생이 많아져 체온을 정상으로 유지하기 위해서 피부의 혈관이 확장되고 땀을 많이 흘린다. - 겨울에는 추위를 덜 느낀다. - 피부가 따뜻하고 부드러우며  머리카락이 가늘고 잘 끊어진다. - 특별한 이유가 없이 피부가 가렵다. - 손톱이 잘 부스러지고 때로는 손톱과 그 밑이 뜨는 조갑박리증이 나타난다. - 손에서 미세한 떨림(진전)이 나타난다. - 활동량이 많다. - 팔과 허벅지 주위 근육이 약해지고 다리가 주기적으로 마비 될 수 있다. - 식욕이 좋은데도 신진대사가 항진되어 체중이 감소한다. - 쉽게 피로를 느끼고 전신 쇠약감으로 팔다리 힘이 빠진다. - 손이 떨리고 맥박이 빨라지고 가슴이 두근거린다(심계항진). 노인에게는 부정맥인 심방세동이 나타날 수 있다. - 언덕을 오르거나 계단을 오를 때 평소보다 더 심하게 숨이 찬다. - 신경이 예민해지고 불안해져서 흥분을 잘하고 주위 사람들과 다투는 경우가 많다. - 폐경기 여성에게서 골다공증이 나타날 수 있고  관절통이 생기기도 한다.  그 외 외관상으로는 갑상선이 비대해지는 것을 흔히 볼 수 있는데  갑상선이 목 앞 부분에 있어 목이 굵은 것처럼 보인다. 그러나 이런 증상이 일어나지 않는 경우도 있으므로 목 앞의 덩어리 크기만 가지고 갑상선 기능이 정상인지 알 수는 없다.  일부 환자는 눈이 커지고 튀어나오는 안구돌출이 나타나는데  이 역시 모든 환자에서 나타나는 것은 아니다. 환자마다 그 정도가 다른데 서양인에 비해 우리나라 사람은 비교적 경미한 편이다.  희발 월경 또는 무월경이 흔히 관찰된다. 그러나 대개 배란은 유지되고 임신도 가능하지만 자연 유산 및 선천성 이상의 빈도가 증가한다.  대장 운동이 항진 되어 배변 횟수가 증가하고  때로는 설사를 하기도 한다. 드물게는 남자에서 유방 비대가 생기고 성욕의 감퇴 증상도 보이게 된다.
69,대장,난소암,증상,난소암은 흔히 증상이 없다고 한다. 증상을 호소할 때는 합병증이 생긴 후이거나 전이가 된 뒤이다. 70% 이상에서 난소암은 3기 이상의 진행된 상태에서 비로소 발견되며 이때의 주증상들을 복통  복부 팽창  그리고 질출혈 등 이다. 난소는 복강내의 넓은 공간 내에 위치하고 있으므로 그 크기가 직경 7~8cm 이상으로 커지기 전에는 특별한 증상이 없는 경우가 대부분입니다. 증세가 있더라도 하복부에서 뭔가 단단한 것이 만져지거나 하복부가 땡땡해진 느낌이 드는 정도이어서 그냥 넘어가기 쉽다. 암이 커져서 복부 전체가 땡땡해진 듯하여 이상하게 느끼는 경우도 종종 있다. 또한 방광이나 직장이 압박 받으므로 화장실에 자주 가게 되기도 하고  배변이 잘 안 되기도 한다. 때로는 암이 비틀어져 하복부에 심한 통증이 생기고  쇼크 증세에 빠지는 수도 있다. 다른 장기로의 전이가 일어나면 배뇨장애  소화장애  복통 등이 초래될 수 있다. 복강 내에서 암이 진행되면 복수가 증가하여 복부팽만으로 인한 호흡 곤란증이 발생하며 주위의 장으로 전이되면 장폐색증이 발생한다.
70,대장,대장암,증상,대장암은 다양한 증상을 일으킬 수 있으나 특징적인 증상은 없다. 상당한 경우에서는 아무런 증상이 없는데도 불구하고 각종 검사로 대장암이 진단되기도 한다.  그러나 평소의 배변습관과는 달리 변비나 설사가 새로 나타나서 상당 기간 계속될 때  배가 자주 아플 때  대변의 굵기가 가늘어질 때  대변에 피가 묻거나 섞여 나올 때  그리고 대변을 본 이후에도 덜 본 것 같은 잔변감 또는 후중증이 있을 때는 나이가 40세 이상이면 대장암을 한번쯤 의심해 보아야 한다.  이런 증상은 대장  직장 또는 항문의 다른 질환일 때에도 흔히 나타나므로 정확한 검사로 구별해야 한다. 물론 암의 일반적인 증상인 체중 감소  식욕 감퇴  원인 미상의 피로감 또는 빈혈도 대장암에서 흔히 나타나는 증상이다.  증상의 종류와 정도는 대장에서 암이 어느 부위에 있는지 또는 어떤 모양인지  종양이 장을 막는지  그리고 암의 진행 정도에 따라 다양하다. 예를 들면 직장암에서는 대변에 피가 묻어 나오는 경우가 흔하고  좌측 대장암에서는 대변에 피가 섞여 나올 수 있으며  우측의 대장(상행결장)암에서는 흔히 눈에 보이지 않을 정도의 출혈이 계속되어 빈혈이 발생하기도 한다.  이런 경우에는 대변에 섞여 있는 아주 적은 양의 피도 찾아낼 수 있는 대변 잠혈검사가 진단에 큰 도움이 된다. 때로는 환자 스스로가 배를 눌러보아 덩어리가 있음을 알아차리는 경우도 있다. 종양이 장을 막아서 장폐색증이 발생하면 복통이 심하고 배가 불러지며 장이 꿈틀거리며 움직이는 것을 스스로 느낄 수도 있다.  좌측의 대장(하행결장  에스상 결장  직장)암에서는 평소의 배변습관과는 달리 변비나 설사를 일으키기도 하며  직장이나 에스상 결장과 같이 항문 가까운 곳에 암이 생길 때에는 변을 보기 힘들거나 대변이 가늘어지는 경우를 흔히 경험하게 된다.  대장암이 간으로 전이되는 경우에는 오른쪽 윗배가 뻐근하게 아플 수 있으며 황달이 나타나기도 한다. 복막으로 전이되면 배 전체가 답답하고 불편하며 때로는 복수가 차서 배가 불러지는 경우도 있다. 폐로 전이된 경우에는 호흡곤란과 기침이 문제가 되며 늑막에 전이되면 흉통과 호흡곤란을 호소하게 된다.
71,대장,빈혈,증상,우리가 흔히 알고 있는 것과는 다르게 빈혈은 어지럼증이 아닌 다른 증상으로 나타나는 경우가 많다. 오히려 묵직한 느낌의 두통이나 답답한 느낌이 있는 경우가 더 흔하다. 여자의 경우에는 많은 양의 월경에 의해 혈액과 철분의 유실되면서 빈혈이 발생하는 경우도 흔히 있다. 경미한 빈혈이 있거나 장기간에 걸쳐서 서서히 빈혈이 생기게 되면 우리 몸이 적응할 시간을 갖게 되므로 증상이 전혀 없는 경우도 있다.  일단 빈혈이 생기게 되면 피부가 창백해지는데  특히 얼굴  입술  잇몸  눈의 결막  손톱 바닥등에 특징적으로 나타난다.  손금을 보면 핑크색이 도는 부분이 없어지고 손톱의 광택이 없고  부서지기 쉽다.  아침에 일어났을 때 몸이 붓는 증상도 생긴다.  그리고 쉽게 피로감을 느끼며  조금만 움직여도 쉽게 숨이 차고  심장이 두근거리는 심계항진  호흡 곤란  수족냉증 등도 나타날 수 있다.  1. 만성 출혈에 의한 빈혈  대변이 검게 나온다면 위장관 어디에선가 출혈이 계속되어 그 피가 변과 함께 섞여 나오는 것을 의심해볼 수 있다.  2. 용혈성 빈혈  빈혈의 일반적인 증세에 더불어 황달  담석증 등이 나타나기도 한다.  3. 재생 불량성 빈혈  피를 만들어내는 골수의 기능 저하로 적혈구  백혈구  혈소판이 모두 감소한다.  4. 철 결핍성 빈혈  가장 흔한 빈혈로 헤모글로빈 합성에 필요한 철분이 부족하여 생기는 빈혈이며  빈혈의 일반적인 증세와 손  발톱의 변형이 있을 수 있다.  전신의 조직이나 장기는 산소와 영양소를 화합시켜서 에너지를 얻고 있으므로  영양소가 많아도 산소가 부족하면 충분한 에너지를 얻지 못하여 활동이 저하되는 것이다. 또한  혈액이 산소부족 상태가 되면 이를 보충하려고 심장이나 폐가 여분으로 활동해야 하므로 부담이 무거워져서 그로 인한 증세가 나타나는 수도 있다.  # 그 밖에 빈혈로 올 수 있는 증상은 다음과 같다.  1. 전신 증상  어지러움  두통  실신  근력저하  귀에서 잡음이 들림  예민해짐  수면장애  집중력 부족  추위에 잘 견디지 못함  몸이 나른함  월경불순  성욕감퇴  2. 소화기 증상  식욕부진  소화불량  구역질  구토  배변장애  복부불쾌감  변비  설사  3. 순환기 증상  가슴이 두근거림 또는 맥박이 빨리 뜀
72,대장,식도암,증상,음식물이 잘 내려가지 않는 연하곤란(dysphasia)과 짧은 기간 동안의 체중 감소는 식도암의 가장 흔한 증상이므로  그 원인이 암과 관련이 있는지를 조기에 밝혀 주는 것이 중요하다.  초기 식도암의 단계에서는 무엇을 삼킬 때 목구멍이 막히는 듯한 느낌 외에 흉골 뒤쪽의 통증  흉통  전신이 나른하고  식욕이 없고  가슴이 쓰리는 등의 증상이 있다. 대개 이런 증상 중의 어떤 것이든 나타나는 것이 보통이지만  전혀 증상 없이 우연히 발견되는 경우도 10% 가까이 된다.  암이 진행 되면 위의 증상들이 차츰 심해지고  연하곤란이 나타나게 된다.  1. 연하곤란  아주 작은 식도의 종양은 증상을 일으키지 않는다. 이 종양이 자라면서 가장 흔히 나타내는 증상은 음식을 먹기 힘든 것(연하곤란)이다. 환자는 음식을 먹으면서 꽉 찬 느낌  압박감 또는 타는 듯한 느낌을 겪게 된다. 또한 가슴 안쪽에서 음식이 꽉 걸린 듯한 느낌을 받을 수 있고  음식 삼키는 것과 관련된 문제들은 나타났다 사라지는 것이 반복한다.  처음에는 이런 증상들이 밥  고기  빵  야채 등을 먹을 때만 나타나지만  식도암이 진행하여 식도가 현저히 좁아지면 부드러운 음식을 먹거나 물을 마실 때에도 연하곤란을 느끼게 된다.  이런 연하곤란은 암의 증상이기도 하지만  암 이외의 식도의 질병에 의해서도 발생하며  폐·종격·갑상선의 종양이나 염증  대동맥류나 선천적인 혈관의 주행이상 등의 압박 증세로 생기는 수가 있으므로  식도암의 증상이라고 판단을 하는 것은 금물이다.  2. 체중감소  체중감소는 일반적으로 진행된 암에서 자주 나타나는 증상이다. 이는 대부분 연하곤란으로 식사량을 줄인 결과이며  결국 저영양 상태가 되어 체중이 줄게 된다. 3개월 동안 5-6kg의 체중이 감소하면 주의해야 한다.  속쓰림  구토  목이 메이는 듯한 증상이 나타나기도 하고  기침이나 목이 쉬는 것도 진행된 식도암의 증상일 수 있다.
73,천식,감기,증상,감염된 바이러스의 종류에 따라서도  또 호흡기의 어느 곳이 주로 침해되었느냐에 따라서도 증세는 달라진다.  일반적으로 감기의 흔한 증상은 콧물이 나오고 코가 막히며 가래를 동반한 기침 등의 호흡기 증상과 목에 염증이 생기며 열이 나고  기운이 없으면서 온몸이 쑤시고 아픈 전신 증상이 있다.  1. 코감기  코감기는 리노바이러스에 의해 나타나는 가장 흔한 감기이다. 증상은 주체할 수 없을 정도로 많은 콧물이 나고  코가 간지러우면서 재채기가 많이 나며  코막힘  두통  미열 등이 있을 수 있다.  2. 목감기  목감기는 주로 아데노바이러스에 의한 감기로 목안쪽의 인두에 염증을 일으켜서 목안이 충혈되고  목이 붓고 아프며  간질간질 하고 심한 경우는 목이 잠겨서 목소리가 잘 나오지 않을 정도로 쉬게 되고 때로는 눈꼽도 낄 수 있다.  목감기시 흔히 열은 섭씨 약 38도이고 두통이 있고  관절통이 있고  피로하고  기운이 없고 온몸과 팔다리가 쑤시고 아픈 증상이 있어서 “몸살감기”라고도 한다.  3. 기타  그 외에도 파라인플루엔자 바이러스는 급성 후두염을 잘 일으켜서 목이 쉬고  개짖는 듯한 컹컹하는 기침 증상을 나타낸다.  RS바이러스는 폐의 작은 기관지에 급성 모세기관지염을 일으켜서 주로 밤잠을 못잘 정도로 심한 기침과 많은 양의 가래를 뱉는 증상을 일으키며 호흡곤란까지 일으킨다.  4. 유행성 독감  인플루엔자 바이러스에 의한 유행성 독감은 일반적인 감기 증상과 달라서 아주 심한 고열과 춥고 떨리는 오한이 나면서  온몸의 뼈마디가 쑤시는 몸살 증세가 나타나고  객담이 별로 없는 마른 기침 등의 증상이 나타난다.  대개는 발열이나 오한과 함께 여러 가지 증상이 복합적으로 나타나게 되며  드물게는 결막염이나 설사가 같이 동반되기도 한다.  감기는 대부분 1주일 정도면 가라앉지만 심한 경우에는 한 달 이상 지속되어 합병증을 유발할 수 있으므로 안정을 취하면서 충분한 영양 섭취를 하는 것이 좋다.  영  유아에서는 발열  기침 등의 염증 증상 외에도 급격하게 호흡곤란에 빠져들 때가 있으므로  아이가 감기에 걸렸을 때에는 호흡의 상태를 주의해서 살펴야 한다.   # 합병증  옛날부터 감기는 만병의 근원이라고 전하여 왔다. 이는 감기를 대수롭지 않게 소홀히 하면 합병증을 일으키고 또는 생명에 위독한 질병도 처음에는 마치 감기처럼 시작하기 때문이다.  감기의 주요 3대 합병증으로서 중이염  축농증(부비동염)  기관지염이 있고  그외 비염  폐렴  뇌막염(무균성 뇌수막염)등이 있다.  감기 증상이 3주 이상 지속되거나 청력감소  귀의 통증  코가 목 뒤로 넘어가는 증상인 후비루  만성기침 등의 증상이 있는 경우 합병증을 의심해 볼 수 있다.  만성 기관지염  기관지 천식  기관지 확장증 등 만성 폐쇄성 폐질환을 가지고 있는 환자는 감기에 걸려 증상이 더 악화되고  급성 호흡부전을 일으킬 수 있다.  심장판막증 등 심장병을 가진 환자가 감기에 걸리면 울혈성 심부전증으로 호흡곤란 등 증상이 심해질 수 있으므로 특별히 주의해야 한다.  때로는 1년 내내 콧물  재채기  기침  눈가려움증 등으로 고생한다고 하는 환자는 감기라기 보다는 “알레르기성 비염”일 가능성이 많다.  특히 노인의 경우는 합병증이 생겨도 겉으로는 증상이 뚜렷하지 않은 경우가 많으므로 감기로 오랫동안 시름시름 앓으면 반드시 전문의의 진단을 받아보아야 한다.
74,천식,아토피성 피부염,증상,아토피성 피부염의 임상양상은 가려움이 있으며  피부가 거칠고 건조하고  증상이 악화와 호전을 반복하는 등 매우 다양하여 개개인의 차이뿐 아니라 연령에 따라서도 차이가 있고  인종에 따라서도 임상양상의 차이가 있다.  아토피성 피부염은 다음과 같이 분류한다.  1. 영아형 아토피성 피부염  가장 흔한 형태이고 태어난 직후부터 한 살 이전에 나타나는데  대개 백일을 전후하여 많이 발생하며  유아기에는 진물이나 딱지 형태의 급성 습진성 병변의 양상을 흔히 나타낸다. 초기에는 뺨  이마  두피 등의 피부가 거칠고  붉은색을 띠며 아이들이 몹시 보채는 특징을 보이며  기저귀가 닿는 부분이나  몸이 접히는 부분에 심하게 나타날 수 있다. 또한 체간이나 사지에도 병변이 같이 있는 경우도 있으며 귓볼  팔꿈치 안쪽과 무릎 뒤 부위의 특징적인 침범은 유아기의 후반에 형성되는데  간혹 출생 시 엄마로부터 여성호르몬을 받아서 이것에 의한 경우가 있으므로 이를 잘 구분해 주어야 하며  아이들이 어리고  지저분하게 보인다고 집에서 자주 씻기는 것은 권장할만한 방법이 못 된다.  2. 소아형 아토피성 피부염  대개 3세에서 10세 전후에 발생하는 형태로 일부에서는 영아형이 소아형으로 진행되기도 하며  이때는 영아형에서 보이던 소견이 많이 완화되어 안면부위에는 덜 침범 되나 팔꿈치 안쪽과 무릎 뒤 부위는 후기로 갈수록 침범이 뚜렷해지는데  피부가 전반적으로 건조하며  얇은 피부조각이 많이 일어나고  특히 팔다리의 접히는 부분이 두꺼워져 있으며 심한 가려움증 때문에 밤에 잠을 못자는 경우가 많다. 특히 건조한 계절인 겨울철에 더욱 심하고  수영이나 목욕 후에 더 가려움을 호소하는 경우가 있다. 일부 환자에서는 손바닥이나 발바닥이 두꺼워지고  갈라져서 마치 엄마들에게서 보이는 주부습진의 형태를 나타내는 수가 많다.  3. 성인형 아토피성 피부염  성인형은 대개 늦게 아토피성 피부염이 발생한 경우나  어릴 적에 있던 아토피성 피부염이 없어졌다가 다시 발생하는 경우로 외관상으로는 피부염을 나타내지 않으며  이마  눈 주위 등 특히 얼굴이나 목 부위가 심하게 두꺼워져 있고  피부건조  자극성 물질에 의한 피부자극이 있으면 주부습진이나 가려움증 등으로 생활에 지장을 초래할 정도로 고생하는 경우가 있다. 다른 형에 비하여 치료가 잘 안되고  심하면 평생 지속되는 예가 많다.
75,천식,협심증,증상,가장 중요한 증상은 흉통이다. 흔히 빨리 걷거나 언덕을 오르거나 힘든 일을 할 때  추운 날 따뜻한 실내에 있다가 갑자기 밖으로 나갈 때에 앞가슴의 한가운데를 압박하거나  조이거나 쥐어짜는 듯한 통증으로 나타난다. 이와 함께 어깨나 팔  목  턱으로 통증이 뻗치는 경우도 있고  목을 압박하는 듯한 증상이나 치통을 느끼는 수도 있다.  통증이 심한 경우에는 기운이 빠지면서 진땀이 나고  호흡곤란  울렁거림  가슴이 뛰는 증상을 동반할 수 있다. 한편 고령자나 당뇨병 환자의 경우에는 흉통이 없이 유난히 숨이 찬 증상만으로 나타나기도 한다.  통증의 지속시간은 협심증의 종류에 따라 다소 다르지만  몇 초 또는 몇 분(보통 3~10분)이고  15분 이상은 드물다. 빈도도 여러 가지로 하루에 몇 번씩 발작하는 것과 며칠 또는 몇 개월 만에 발작하는 것도 있다. 협심증은 통증 이외에 별다른 증상은 없다. 협심증 발작이라는 것은 악화되지 않았다 하더라도 비교적 가볍고  금방 괜찮아지기 때문에 그냥 방치하기 쉽다. 그러나 위험성이 높은 질환이므로 일단 증상을 자각했으면 무엇보다도 의사의 진찰을 받는 것이 증상을 악화시키지 않는 방법이다.
76,방광,난소암,증상,난소암은 흔히 증상이 없다고 한다. 증상을 호소할 때는 합병증이 생긴 후이거나 전이가 된 뒤이다. 70% 이상에서 난소암은 3기 이상의 진행된 상태에서 비로소 발견되며 이때의 주증상들을 복통  복부 팽창  그리고 질출혈 등 이다. 난소는 복강내의 넓은 공간 내에 위치하고 있으므로 그 크기가 직경 7~8cm 이상으로 커지기 전에는 특별한 증상이 없는 경우가 대부분입니다. 증세가 있더라도 하복부에서 뭔가 단단한 것이 만져지거나 하복부가 땡땡해진 느낌이 드는 정도이어서 그냥 넘어가기 쉽다. 암이 커져서 복부 전체가 땡땡해진 듯하여 이상하게 느끼는 경우도 종종 있다. 또한 방광이나 직장이 압박 받으므로 화장실에 자주 가게 되기도 하고  배변이 잘 안 되기도 한다. 때로는 암이 비틀어져 하복부에 심한 통증이 생기고  쇼크 증세에 빠지는 수도 있다. 다른 장기로의 전이가 일어나면 배뇨장애  소화장애  복통 등이 초래될 수 있다. 복강 내에서 암이 진행되면 복수가 증가하여 복부팽만으로 인한 호흡 곤란증이 발생하며 주위의 장으로 전이되면 장폐색증이 발생한다.
77,방광,당뇨병,증상,당뇨병의 4대 증상  1. 다뇨 2. 다음 3. 다갈 4. 다식  이것은 스스로 느끼는 최초의 증상으로 많은 양의 소변을 보게 되니까 자연히 갈증이 심해지고  그로 인해 물을 많이 마시게 된다. 그리고 항상 배가 고파서 아무리 먹어도 공복감이 생긴다.  그 외에 체중 감소  쇠약감 등을 호소할 수 있다. 인슐린 의존형 당뇨병에서는 체중의 감소가 아주 심하지만  인슐린 비의존형 당뇨병에서는 약간의 체중 감소가 있을 뿐 흔히 비만한 채로 남아있는 경우가 흔하다.  여성에서는 당뇨로 인해 음부의 가려움증을 호소하는 경우가 흔한데  환자들이 호소하는 증상 중에는 종아리의 경련이나 손가락 끝의 저림 등 비특이적인 것들도 있다. 일반적으로 경련은 흔히 밤에 심하고  발저림의 증상이 발끝에는 잘 생기지 않는것이 특징이다.  변비도 가끔 환자들이 호소하는 증상이며  고혈당으로 안구의 렌즈 굴곡도가 달라져 시력이 떨어지기도 한다.  합병증  당뇨병을 치료하지 않고 그대로 두면 인체 내 여러 곳에 나쁜 영향을 미쳐 치료하기 어려운 합병증이 발생되어 위험한 상태가 될 수 있으므로 조기 진단에 의해 올바른 치료를 계속해야 한다.  1. 혼수 2. 눈의 출혈  백내장  시력장애  망막증 3. 신부전증 4. 신경병증 (팔 다리의 감각상실  수족냉증  야간 통증  경련 등) 5. 상처 치유의 지연 6. 고혈압 7. 고지혈증 8. 동맥경화증 9. 관상동맥 경화증  협심증 10. 감염증(폐렴  칸디다 질염  종기 등)  부스럼  가려움증  또한 위와 장의 자율신경계에 신경병증이 오게 되면 속이 더부룩하고 구토  변비 설사가 일어나기도 하며  방광이나 직장에 오면 대소변을 자신의 의지와 관계없이 보게 되는 요실금이나 대변실금을 나타낼 수 있다.  그 외의 모든 신경에 신경병증을 일으킬 수 있고  그에 따라 여러 가지 증상이 나타날 수 있다.
78,방광,수면장애,증상,불면  과다수면  수면중 다리를 떤다든가 심한 소리를 지른다든가 돌아다니는 등의 행동문 제  낮잠을 심하게 자는 등의 다양한 증상을 보일 수 있다.  1. 낮시간대의 졸음  갑자기 졸음이 온다거나 주체할 수 없을 정도로 졸리운 것  이상하리만큼 멍해지는 것이 수면장애의 증상의 하나일 수 있다. 식사중이나 운전할 때 혹은 걸어 다니다가도 깜박 졸음에 빠지는 것이 예이다.  2. 수면 무호흡  잠자는 시간에 자주 숨이 멎는 증상을 말한다. 시끄럽게 코를 고는 것은 호흡을 회복하려고하는 노력이며 숨이 멎는 것과 자주 동반된다. 깨어 있을 때의 호흡은 정상이고 본인은 이러한 불규칙한 무호흡을 알지 못한다.  3. 탈력발작  이것은 갑작스레 근육의 긴장도가 소실되는 것으로 주로 웃거나 화를 내거나 놀라거나 할때 유발된다. 이러한 발작은 부분적인 근육에 잠시만 힘이 빠지는 것에서부터 수분간 완전 히 모든 몸의 근육의 힘이 빠져 쓰러지는 것까지 다양하다. 이 기간 중에 의식은 있으나 몸을 자유롭게 움직일 수는 없다.  4. 야간시간의 수면파괴  이것은 밤에 잠을 잘 때 여러 번 깨는 것을 말한다. 때때로 깼을 때 음식을 집어먹기도 한다.  5. 입수기 환각  잠이 들려고 할 때 발생하는 강렬하고 생생하고 때로는 무서운 경험의 환각이다. 오감이 모두 관련되어 어떤 경우에는 실제와 구별하기가 어려울 때도 있다.  6. 야경증  주로 아동에서 나타나며  잠든 지 한 시간이내에 공포를 느끼며 혼돈된 상태로 깨어나게 된다. 맥박이 빨리 뛰고 지남력이 없지만 꿈은 기억하지 못한다. 악몽(Nightmare)은 병이 아니고 자연적인 꿈의 현상이다. 단지 자주 반복되고 수면을 심각하게 방해한다면 도움이 필요하게 된다.  7. 수면 마비  움직이려고 하지만 움직일 수 없다는 것을 알고 있다. 이러한 현상은 잠이 들거나 혹은 깰 때 발생한다.  8. 몽유병  이것은 어린이들에게 때때로 발생하고  전형적으로 10세 이전에 생겨 15세 경에 없어지게 된다. 어른이 자주 몽유현상이 있다면 좀더 심각하며  나이가 들어 발생한다거나  자주 일어나며  가족력이 없으면 심각한 스트레스와 관련이 있기도 한다. 비록 몽유병 환자들이 물건을 피해 걸어 다니지만 깨어 있을 때보다는 둔하며 말하는 것도 대부분 무의식적이다.  9. 야뇨증  이 증상은 5살박이 여아의 10%  남아의 15%에서 관찰된다. 나이가 더 들어 발생하는 것은 육체적인 질환  선천적으로 방광이 작을 때  요로감염 그리고 전반적인 불안과 관련이 있을 수도 있다.
79,방광,식도암,증상,음식물이 잘 내려가지 않는 연하곤란(dysphasia)과 짧은 기간 동안의 체중 감소는 식도암의 가장 흔한 증상이므로  그 원인이 암과 관련이 있는지를 조기에 밝혀 주는 것이 중요하다.  초기 식도암의 단계에서는 무엇을 삼킬 때 목구멍이 막히는 듯한 느낌 외에 흉골 뒤쪽의 통증  흉통  전신이 나른하고  식욕이 없고  가슴이 쓰리는 등의 증상이 있다. 대개 이런 증상 중의 어떤 것이든 나타나는 것이 보통이지만  전혀 증상 없이 우연히 발견되는 경우도 10% 가까이 된다.  암이 진행 되면 위의 증상들이 차츰 심해지고  연하곤란이 나타나게 된다.  1. 연하곤란  아주 작은 식도의 종양은 증상을 일으키지 않는다. 이 종양이 자라면서 가장 흔히 나타내는 증상은 음식을 먹기 힘든 것(연하곤란)이다. 환자는 음식을 먹으면서 꽉 찬 느낌  압박감 또는 타는 듯한 느낌을 겪게 된다. 또한 가슴 안쪽에서 음식이 꽉 걸린 듯한 느낌을 받을 수 있고  음식 삼키는 것과 관련된 문제들은 나타났다 사라지는 것이 반복한다.  처음에는 이런 증상들이 밥  고기  빵  야채 등을 먹을 때만 나타나지만  식도암이 진행하여 식도가 현저히 좁아지면 부드러운 음식을 먹거나 물을 마실 때에도 연하곤란을 느끼게 된다.  이런 연하곤란은 암의 증상이기도 하지만  암 이외의 식도의 질병에 의해서도 발생하며  폐·종격·갑상선의 종양이나 염증  대동맥류나 선천적인 혈관의 주행이상 등의 압박 증세로 생기는 수가 있으므로  식도암의 증상이라고 판단을 하는 것은 금물이다.  2. 체중감소  체중감소는 일반적으로 진행된 암에서 자주 나타나는 증상이다. 이는 대부분 연하곤란으로 식사량을 줄인 결과이며  결국 저영양 상태가 되어 체중이 줄게 된다. 3개월 동안 5-6kg의 체중이 감소하면 주의해야 한다.  속쓰림  구토  목이 메이는 듯한 증상이 나타나기도 하고  기침이나 목이 쉬는 것도 진행된 식도암의 증상일 수 있다.
80,방광,자궁내막증,증상,자궁내막증의 가장 흔한 증상은 월경과 함께 혹은 월경 직전에 수반된 골반통이다. 성인 여성에서 통증이 없는 월경이 수년 지속되다 월경통이 발생하면 이는 자궁내막증의 가능성을 시시한다. 대개 월경통은 월경이 시작되기 전에 발생하여 월경 기간 내내 지속되는 특징을 지닌다. 그러나 사춘기에 발생한 자궁내막증은 월경통이 초경시부터 통증이 없는 기간 없이 계속 있어온 경우가 대부분이다. 통증의 분포는 다양하나 양측으로 있는 경우가 흔하다. 월경통이 생기는 원인으로는 월경이 시작되면 자궁 안쪽에 있는 자궁 내막에서처럼 자궁 밖의 자궁 내막 조직에서도 출혈을 하게 되며  이 출혈이 골반 내에 고이게 되면 통증을 일으킬 수도 있고 주위 조직에 혈액이 고이면 조직이 부풀어올라서 통증을 유발하게 되는 것이다. 두 번째로 성교통 역시 종종 나타나며 이는 유착 등으로 자궁의 운동성이 적어지기 때문에 일으키게 되는 것이다. 그밖에 자궁 내막 조직이 어떤 장기에 붙어 있느냐에 따라서 여러 증상을 보일 수 있다. 즉 콩팥이나 방광 등에 자궁내막증이 있으면 월경 무렵마다 피가 섞인 소변을 볼 수 있으며 장에 자궁내막증이 존재할 경우에는 피가 묻은 대변을 볼 수도 있고  종종 코의 점막이나 폐에 존재하면 월경 무렵마다 코피를 흘린다던가  피가 묻은 가래를 보기도 한다.  합병증 자궁내막증의 가장 큰 문제점의 하나가 환자의 50% 정도에서 임신이 안 된다는 것이다. 자궁내막증이 있는 여성에게 난임을 일으키는 원인으로는 나팔관 주위의 유착으로 인해서 나팔관이 임신에 필요한 기능을 하지 못하므로 임신이 되지 않는 경우가 많다.
81,녹내장,편두통,증상,전형적인 편두통은 전구증상으로 갑자기 눈 앞에 번쩍거리는 느낌이 있고  눈이 피로해지고  시야가 흐려지고  한쪽 또는 양쪽 팔다리에 감각의 이상 등 국소 신경 증상이 나타난다. 그러나 대부분의 경우 분명한 전구 증상을 알기는 힘들고  뇌동맥이 확장하게 되면 편두통을 느끼게 된다.  편두통은 발작적으로 짧게 그리고 맥박이 뛰는 것과 함께 통증을 느끼게 되고  흔히 오심이나 구토  광선 공포  전신무력  시야 흐림  이상 감각  현훈(어지러움) 등의 증상들이 동반될 수 있다.  통증은 대개 24~48시간 동안 지속되며  몇 주 또는 몇 달 간격으로 발생하는 주기성을 가지는 경우도 있다.
82,외이,중이염,증상,가장 흔한 증상으로는 열  귀의 통증이 있고 그 외에는 보채거나 잠을 잘 못 잠  귀가 답답한 느낌  청력저하  귀에서 고름이 흘러나오는 증상(고막이 뚫려진 것이다) 등이 있다.  초기에는 스스로 느낄 수 있거나 겉으로 드러나는 증세가 없는 경우가 많은데  특히 아기들은 표현을 하지 못하기 때문에 중이염에 걸렸는지 모르고 지내다가 나중에 알게 되는 경우가 흔하다. 따라서 기침  콧물 등 감기 증세가 있거나 열이 날 때는 반드시 담당의사의 진찰을 받아 중이염이 생겼는지 확인해야 한다. 특히 예전에 중이염을 앓은 적이 있으면 꼭 중이염이 생겼는지 자주 확인해야 한다.  어린이의 경우 미숙아  저체중 출생아  선천적인 입 안의 기형  공갈꼭지를 많이 빠는 아기  모유를 먹지 않은 아이  6세 이하  유아원에 다니는 아이  담배연기 등 자극에 노출되어 있는 아이  집 안에 중이염 환자가 있는 경우에는 중이염에 잘 걸리고 또 잘 낫지 않는 경우가 많다.  # 합병증  중이염 환자의 약 10% 에서 만성화하는 것을 볼 수 있는데 비교적 가벼운 합병증으로부터 치료가 급한 심한 합병증까지 다양하다. 물론 항생제의 성능이 향상되면서 심한 합병증의 발생률은 뚜렷하게 줄어들었다. 그러나 일단 합병증이 발생하면 심각하므로 예방이 중요하고 발생한 경우엔 가급적 빠른 진단과 적절한 치료를 해야 한다.  합병증으로는 고막천공  급성 유양돌기염  유착성 중이염  고실경화증  이소골 단절  안면신경마비  내이염  추체염  두개내 합병증 등이 발생될 수 있다.  고막천공  염증으로 인해 고막이 뚫어진 상태다. 진물이 나오지만 심하지 않은 경우에는 국소 항생제(점이액)로 염증을 치료하고 염증이 심하면 항생제 복용이 필요하기도 하다.  급성 유양돌기염  귀 뒤쪽 뼈인 유양돌기에 염증이 생긴 것으로 대개의 중이염에서 동반 한다. 필요한 경우 중이염 수술시 유양동의 염증이 있는 뼈조직을 함께 제거한다.  유착성 중이염  만성염증의 치유과정에서 고막이 안쪽으로 밀려들면서 안쪽 벽에 붙게 되 는 질환이다. 전음성 난청이 초래되고  고막이나 귓구멍의 피부가 귓속으로 자라 들어가 면 진주종을 형성할 수 있다.  고실경화증  만성염증이나 외상으로 인해 고막이나 고막안쪽의 중이강 내의 점막이 두꺼워지면서 칼슘과 인이 침착되는 질환이다. 고막에 큰 경화증 조각이 있거나 경화증 덩어리에 의해서 소리를 전달하는 귀뼈(이소골)가 움직이지 못하면 전음성 난청이 유발되어 수술이 필요하기도 하다.  이소골 단절  만성염증에 의해 고막과 연결되어 소리를 전달하는 귀뼈가 녹아 연결이 끊어진 경우로서 염증을 치료한 후 이소골 성형술을 시행하여 청력을 개선시킬 수 있다.  급성 중이염의 합병증  삼출성 중이염이 발생될 수 있고 장기간 지속되는 경우 만성 중이염으로 진행할 수 있다.  안면신경마비  급성이나 만성 중이염에서 염증에 의해 발생할 수 있다. 급성 중이염의 합병증인 경우 고막을 절개하여 고름을 배출시키고 적절한 항생제를 골라 투여한다. 만성 중이염의 합병증이면 염증을 제거하는 수술을 하고 안면신경 감압술이란 수술로 회복을 도모한다.  미로염  내이에 염증이 침범한 것으로  중이염의 합병증으로 유발된 경우 뇌막염으로 진행되어 치명적일 수 있으므로 심한 현기증과 난청이 있는 경우에는 이를 꼭 확인해야 한다.  추체염  귓속 가장 깊은 곳에 위치한 뼈인 추체골에 염증이 생긴 것으로  눈 뒤쪽의 통증  눈을 움직이는 근육의 마비 등의 증상을 동반한다.  그 밖에 뇌와 관련된 합병증으로 뇌막염  경막외/경막하 농양  뇌농양 등이 있으며  이 경우 심한 두통과 구토나 목이 뻣뻣해지는 등의 뇌압상승 증상이 동반되며 신속한 진단과 치료가 요구된다.
83,외이,턱디스크(측두하악관절장애),증상,증상으로는 주로 염증이 발생한 부위의 턱 관절 뿐만 아니라 귀 부분에 걸쳐 통증이 나타나며  음식을 씹는 등 턱을 움직일 때 통증이 더욱 심해진다. 또한 두통이나 얼굴통증을 호소하며 아래턱의 움직임 제한  비대칭적인 아래턱 움직임  딱 소리 나거나 지글지글 소리가 나는 다양한 관절잡음이 나타난다. 증병의 정도에 따라 염증 부위에 약한 정도로 부어 오른 것이 관찰될 경우도 있다. 하지만 적절한 치료를 받지 않고 방치하여 병이 진행한 경우에는 위  아래 치아가 정확히 맞지 않아 입이 완전히 다물어지지 않을 수도 있다.
84,치매,혈관성 치매,증상,초기에는 병에 대한 의식이나 판단력은 비교적 유지가 되는 편이나  우울감 등의 정서적 불안  억제력의 상실  자기 중심적인 태도  자극에 대한 과민한 반응 등이 특징적으로 나타난다.  또한 구음 장애  연하곤란  보행장애 등의 국소적 신경학적 증상이 나타나며  급격하게 발병하며  단계적으로 진행하여 황폐화가 나타날 수 있다.  뇌출혈 등이 원인일 경우에는 보다 급속하게 치매가 발생하며  뇌졸중의 부위에 따라 증상이 다양하게 나타날 수 있다.
85,궤양,대장암,증상,대장암은 다양한 증상을 일으킬 수 있으나 특징적인 증상은 없다. 상당한 경우에서는 아무런 증상이 없는데도 불구하고 각종 검사로 대장암이 진단되기도 한다.  그러나 평소의 배변습관과는 달리 변비나 설사가 새로 나타나서 상당 기간 계속될 때  배가 자주 아플 때  대변의 굵기가 가늘어질 때  대변에 피가 묻거나 섞여 나올 때  그리고 대변을 본 이후에도 덜 본 것 같은 잔변감 또는 후중증이 있을 때는 나이가 40세 이상이면 대장암을 한번쯤 의심해 보아야 한다.  이런 증상은 대장  직장 또는 항문의 다른 질환일 때에도 흔히 나타나므로 정확한 검사로 구별해야 한다. 물론 암의 일반적인 증상인 체중 감소  식욕 감퇴  원인 미상의 피로감 또는 빈혈도 대장암에서 흔히 나타나는 증상이다.  증상의 종류와 정도는 대장에서 암이 어느 부위에 있는지 또는 어떤 모양인지  종양이 장을 막는지  그리고 암의 진행 정도에 따라 다양하다. 예를 들면 직장암에서는 대변에 피가 묻어 나오는 경우가 흔하고  좌측 대장암에서는 대변에 피가 섞여 나올 수 있으며  우측의 대장(상행결장)암에서는 흔히 눈에 보이지 않을 정도의 출혈이 계속되어 빈혈이 발생하기도 한다.  이런 경우에는 대변에 섞여 있는 아주 적은 양의 피도 찾아낼 수 있는 대변 잠혈검사가 진단에 큰 도움이 된다. 때로는 환자 스스로가 배를 눌러보아 덩어리가 있음을 알아차리는 경우도 있다. 종양이 장을 막아서 장폐색증이 발생하면 복통이 심하고 배가 불러지며 장이 꿈틀거리며 움직이는 것을 스스로 느낄 수도 있다.  좌측의 대장(하행결장  에스상 결장  직장)암에서는 평소의 배변습관과는 달리 변비나 설사를 일으키기도 하며  직장이나 에스상 결장과 같이 항문 가까운 곳에 암이 생길 때에는 변을 보기 힘들거나 대변이 가늘어지는 경우를 흔히 경험하게 된다.  대장암이 간으로 전이되는 경우에는 오른쪽 윗배가 뻐근하게 아플 수 있으며 황달이 나타나기도 한다. 복막으로 전이되면 배 전체가 답답하고 불편하며 때로는 복수가 차서 배가 불러지는 경우도 있다. 폐로 전이된 경우에는 호흡곤란과 기침이 문제가 되며 늑막에 전이되면 흉통과 호흡곤란을 호소하게 된다.
86,궤양,빈혈,증상,우리가 흔히 알고 있는 것과는 다르게 빈혈은 어지럼증이 아닌 다른 증상으로 나타나는 경우가 많다. 오히려 묵직한 느낌의 두통이나 답답한 느낌이 있는 경우가 더 흔하다. 여자의 경우에는 많은 양의 월경에 의해 혈액과 철분의 유실되면서 빈혈이 발생하는 경우도 흔히 있다. 경미한 빈혈이 있거나 장기간에 걸쳐서 서서히 빈혈이 생기게 되면 우리 몸이 적응할 시간을 갖게 되므로 증상이 전혀 없는 경우도 있다.  일단 빈혈이 생기게 되면 피부가 창백해지는데  특히 얼굴  입술  잇몸  눈의 결막  손톱 바닥등에 특징적으로 나타난다.  손금을 보면 핑크색이 도는 부분이 없어지고 손톱의 광택이 없고  부서지기 쉽다.  아침에 일어났을 때 몸이 붓는 증상도 생긴다.  그리고 쉽게 피로감을 느끼며  조금만 움직여도 쉽게 숨이 차고  심장이 두근거리는 심계항진  호흡 곤란  수족냉증 등도 나타날 수 있다.  1. 만성 출혈에 의한 빈혈  대변이 검게 나온다면 위장관 어디에선가 출혈이 계속되어 그 피가 변과 함께 섞여 나오는 것을 의심해볼 수 있다.  2. 용혈성 빈혈  빈혈의 일반적인 증세에 더불어 황달  담석증 등이 나타나기도 한다.  3. 재생 불량성 빈혈  피를 만들어내는 골수의 기능 저하로 적혈구  백혈구  혈소판이 모두 감소한다.  4. 철 결핍성 빈혈  가장 흔한 빈혈로 헤모글로빈 합성에 필요한 철분이 부족하여 생기는 빈혈이며  빈혈의 일반적인 증세와 손  발톱의 변형이 있을 수 있다.  전신의 조직이나 장기는 산소와 영양소를 화합시켜서 에너지를 얻고 있으므로  영양소가 많아도 산소가 부족하면 충분한 에너지를 얻지 못하여 활동이 저하되는 것이다. 또한  혈액이 산소부족 상태가 되면 이를 보충하려고 심장이나 폐가 여분으로 활동해야 하므로 부담이 무거워져서 그로 인한 증세가 나타나는 수도 있다.  # 그 밖에 빈혈로 올 수 있는 증상은 다음과 같다.  1. 전신 증상  어지러움  두통  실신  근력저하  귀에서 잡음이 들림  예민해짐  수면장애  집중력 부족  추위에 잘 견디지 못함  몸이 나른함  월경불순  성욕감퇴  2. 소화기 증상  식욕부진  소화불량  구역질  구토  배변장애  복부불쾌감  변비  설사  3. 순환기 증상  가슴이 두근거림 또는 맥박이 빨리 뜀
87,부비동염,감기,증상,감염된 바이러스의 종류에 따라서도  또 호흡기의 어느 곳이 주로 침해되었느냐에 따라서도 증세는 달라진다.  일반적으로 감기의 흔한 증상은 콧물이 나오고 코가 막히며 가래를 동반한 기침 등의 호흡기 증상과 목에 염증이 생기며 열이 나고  기운이 없으면서 온몸이 쑤시고 아픈 전신 증상이 있다.  1. 코감기  코감기는 리노바이러스에 의해 나타나는 가장 흔한 감기이다. 증상은 주체할 수 없을 정도로 많은 콧물이 나고  코가 간지러우면서 재채기가 많이 나며  코막힘  두통  미열 등이 있을 수 있다.  2. 목감기  목감기는 주로 아데노바이러스에 의한 감기로 목안쪽의 인두에 염증을 일으켜서 목안이 충혈되고  목이 붓고 아프며  간질간질 하고 심한 경우는 목이 잠겨서 목소리가 잘 나오지 않을 정도로 쉬게 되고 때로는 눈꼽도 낄 수 있다.  목감기시 흔히 열은 섭씨 약 38도이고 두통이 있고  관절통이 있고  피로하고  기운이 없고 온몸과 팔다리가 쑤시고 아픈 증상이 있어서 “몸살감기”라고도 한다.  3. 기타  그 외에도 파라인플루엔자 바이러스는 급성 후두염을 잘 일으켜서 목이 쉬고  개짖는 듯한 컹컹하는 기침 증상을 나타낸다.  RS바이러스는 폐의 작은 기관지에 급성 모세기관지염을 일으켜서 주로 밤잠을 못잘 정도로 심한 기침과 많은 양의 가래를 뱉는 증상을 일으키며 호흡곤란까지 일으킨다.  4. 유행성 독감  인플루엔자 바이러스에 의한 유행성 독감은 일반적인 감기 증상과 달라서 아주 심한 고열과 춥고 떨리는 오한이 나면서  온몸의 뼈마디가 쑤시는 몸살 증세가 나타나고  객담이 별로 없는 마른 기침 등의 증상이 나타난다.  대개는 발열이나 오한과 함께 여러 가지 증상이 복합적으로 나타나게 되며  드물게는 결막염이나 설사가 같이 동반되기도 한다.  감기는 대부분 1주일 정도면 가라앉지만 심한 경우에는 한 달 이상 지속되어 합병증을 유발할 수 있으므로 안정을 취하면서 충분한 영양 섭취를 하는 것이 좋다.  영  유아에서는 발열  기침 등의 염증 증상 외에도 급격하게 호흡곤란에 빠져들 때가 있으므로  아이가 감기에 걸렸을 때에는 호흡의 상태를 주의해서 살펴야 한다.   # 합병증  옛날부터 감기는 만병의 근원이라고 전하여 왔다. 이는 감기를 대수롭지 않게 소홀히 하면 합병증을 일으키고 또는 생명에 위독한 질병도 처음에는 마치 감기처럼 시작하기 때문이다.  감기의 주요 3대 합병증으로서 중이염  축농증(부비동염)  기관지염이 있고  그외 비염  폐렴  뇌막염(무균성 뇌수막염)등이 있다.  감기 증상이 3주 이상 지속되거나 청력감소  귀의 통증  코가 목 뒤로 넘어가는 증상인 후비루  만성기침 등의 증상이 있는 경우 합병증을 의심해 볼 수 있다.  만성 기관지염  기관지 천식  기관지 확장증 등 만성 폐쇄성 폐질환을 가지고 있는 환자는 감기에 걸려 증상이 더 악화되고  급성 호흡부전을 일으킬 수 있다.  심장판막증 등 심장병을 가진 환자가 감기에 걸리면 울혈성 심부전증으로 호흡곤란 등 증상이 심해질 수 있으므로 특별히 주의해야 한다.  때로는 1년 내내 콧물  재채기  기침  눈가려움증 등으로 고생한다고 하는 환자는 감기라기 보다는 “알레르기성 비염”일 가능성이 많다.  특히 노인의 경우는 합병증이 생겨도 겉으로는 증상이 뚜렷하지 않은 경우가 많으므로 감기로 오랫동안 시름시름 앓으면 반드시 전문의의 진단을 받아보아야 한다.
88,부비동염,중이염,증상,가장 흔한 증상으로는 열  귀의 통증이 있고 그 외에는 보채거나 잠을 잘 못 잠  귀가 답답한 느낌  청력저하  귀에서 고름이 흘러나오는 증상(고막이 뚫려진 것이다) 등이 있다.  초기에는 스스로 느낄 수 있거나 겉으로 드러나는 증세가 없는 경우가 많은데  특히 아기들은 표현을 하지 못하기 때문에 중이염에 걸렸는지 모르고 지내다가 나중에 알게 되는 경우가 흔하다. 따라서 기침  콧물 등 감기 증세가 있거나 열이 날 때는 반드시 담당의사의 진찰을 받아 중이염이 생겼는지 확인해야 한다. 특히 예전에 중이염을 앓은 적이 있으면 꼭 중이염이 생겼는지 자주 확인해야 한다.  어린이의 경우 미숙아  저체중 출생아  선천적인 입 안의 기형  공갈꼭지를 많이 빠는 아기  모유를 먹지 않은 아이  6세 이하  유아원에 다니는 아이  담배연기 등 자극에 노출되어 있는 아이  집 안에 중이염 환자가 있는 경우에는 중이염에 잘 걸리고 또 잘 낫지 않는 경우가 많다.  # 합병증  중이염 환자의 약 10% 에서 만성화하는 것을 볼 수 있는데 비교적 가벼운 합병증으로부터 치료가 급한 심한 합병증까지 다양하다. 물론 항생제의 성능이 향상되면서 심한 합병증의 발생률은 뚜렷하게 줄어들었다. 그러나 일단 합병증이 발생하면 심각하므로 예방이 중요하고 발생한 경우엔 가급적 빠른 진단과 적절한 치료를 해야 한다.  합병증으로는 고막천공  급성 유양돌기염  유착성 중이염  고실경화증  이소골 단절  안면신경마비  내이염  추체염  두개내 합병증 등이 발생될 수 있다.  고막천공  염증으로 인해 고막이 뚫어진 상태다. 진물이 나오지만 심하지 않은 경우에는 국소 항생제(점이액)로 염증을 치료하고 염증이 심하면 항생제 복용이 필요하기도 하다.  급성 유양돌기염  귀 뒤쪽 뼈인 유양돌기에 염증이 생긴 것으로 대개의 중이염에서 동반 한다. 필요한 경우 중이염 수술시 유양동의 염증이 있는 뼈조직을 함께 제거한다.  유착성 중이염  만성염증의 치유과정에서 고막이 안쪽으로 밀려들면서 안쪽 벽에 붙게 되 는 질환이다. 전음성 난청이 초래되고  고막이나 귓구멍의 피부가 귓속으로 자라 들어가 면 진주종을 형성할 수 있다.  고실경화증  만성염증이나 외상으로 인해 고막이나 고막안쪽의 중이강 내의 점막이 두꺼워지면서 칼슘과 인이 침착되는 질환이다. 고막에 큰 경화증 조각이 있거나 경화증 덩어리에 의해서 소리를 전달하는 귀뼈(이소골)가 움직이지 못하면 전음성 난청이 유발되어 수술이 필요하기도 하다.  이소골 단절  만성염증에 의해 고막과 연결되어 소리를 전달하는 귀뼈가 녹아 연결이 끊어진 경우로서 염증을 치료한 후 이소골 성형술을 시행하여 청력을 개선시킬 수 있다.  급성 중이염의 합병증  삼출성 중이염이 발생될 수 있고 장기간 지속되는 경우 만성 중이염으로 진행할 수 있다.  안면신경마비  급성이나 만성 중이염에서 염증에 의해 발생할 수 있다. 급성 중이염의 합병증인 경우 고막을 절개하여 고름을 배출시키고 적절한 항생제를 골라 투여한다. 만성 중이염의 합병증이면 염증을 제거하는 수술을 하고 안면신경 감압술이란 수술로 회복을 도모한다.  미로염  내이에 염증이 침범한 것으로  중이염의 합병증으로 유발된 경우 뇌막염으로 진행되어 치명적일 수 있으므로 심한 현기증과 난청이 있는 경우에는 이를 꼭 확인해야 한다.  추체염  귓속 가장 깊은 곳에 위치한 뼈인 추체골에 염증이 생긴 것으로  눈 뒤쪽의 통증  눈을 움직이는 근육의 마비 등의 증상을 동반한다.  그 밖에 뇌와 관련된 합병증으로 뇌막염  경막외/경막하 농양  뇌농양 등이 있으며  이 경우 심한 두통과 구토나 목이 뻣뻣해지는 등의 뇌압상승 증상이 동반되며 신속한 진단과 치료가 요구된다.
89,부비동염,폐렴,증상,폐렴은 초기에는 감기 정도의 가벼운 증상을 보이지만  급속히 진행되면서 고열  기침  흉통  호흡곤란  녹색의 농성 가래 등의 호흡기계 증상을 나타내고  때에 따라서는 바이러스성 폐렴과 세균성 폐렴이 혼합 감염을 일으켜서 매우 위험한 상황에 처하게 된다.  특히 어린이나 노약자는 기관지 폐렴에 걸리면 호흡곤란이나 청색증 등 심한 증상을 보일 수 있으므로 초기에 의사의 진찰을 받아 치료해야 한다.  일반적으로 3~4일간 감기 증상이 계속된 뒤  폐렴 환자의 80% 정도는 열을 동반하며  가래가 생기고  대부분 호흡수가 분당 20회를 초과하게 된다.  열이 높을 때에는 얼굴이 붉어지고  숨결도 거칠어지며  흉통을 느끼는 경우도 있다. 그리고 폐에서 원활한 산소 공급이 이루어지지 않아 몽롱해지며  입술이 보랏빛으로 변하는 경우도 있다. 또한 호흡할 때마다 명치 주변이 함몰하는 일도 있다.  원인이 되는 세균에 따라서 설사  구토  경련  청색증 등의 증상도 나타난다. 신생아나 미숙아에게는 열이 나지 않은 채 발병(무열성 폐렴)하는 일도 있다.  폐렴 이외에도 급성 기관지염  부비동염  그리고 다양한 다른 감염성 질환에서도 비슷한 증상이 나타날 수 있기 때문에 혼동을 일으킬 수 있으므로 주의가 필요하다.  # 합병증  폐렴에 의한 합병증으로 늑막염이 생길 수 있다. 늑막염은 흉벽과 폐 사이에 있는 얇은 두 장의 늑막 사이에 염증성 진물이 고이는 것을 말한다.  늑막염이 심해지면 화농이 되면서 고름이 두 장의 늑막 사이에 차게 되는데  이것을 농흉 이라고 한다.  또한 폐렴이 심한 경우에는 뇌나 뇌수막까지 감염증이 퍼질 수 있으며  폐렴을 일으킨 병원균이 혈액 속으로 들어가서 패혈증을 일으킬 수 있다.
90,우울증,돌연사,예방 및 치료,일반인도 간단한 응급 구조법을 익히는 것이 좋다 돌연사의 치료는 응급 구조 조치로 생명을 유지시켜 환자를 병원에 이송하는 것이 급선무입니다. 돌연사가 발생하면 다른 사람들에게 급히 알려 구조를 청하고 돌연사가 확인되는 즉시 규정된 방법에 따라 심장 마사지와 인공 호흡을 시키는 심폐 소생술을 시작합니다.  기계나 약물을 사용치 않고 시행하는 기초적 생명 유지 방법은 보다 전문적인 생명 유지팀이 도착할 때까지 생명을 유지시키며 시간을 버는 데 목적이 있습니다. 기초 생명 유지에 무엇보다 중요한 것은 정식으로 교육을 받아 심폐 소생술을 시행할 수 있는 구조자가 있어야 한다는 점입니다. 따라서 의학 선진국에서는 의료인은 물론 일반인도 이에 대한 교육과 훈련을 받는 경우가 많습니다. 전문적인 생명 유지 방법은 제세동기(치사 부정맥을 전기 자극으로 제거하여 정상화시키는 기계)  인공 호흡기  산소 및 혈압과 순환을 돕는 약제를 사용하여 소생 성공률을 높이는 것입니다.  돌연사가 발생한 후 제세동과 심폐 소생술을 빨리할수록 생명을 유지할 가능성이 높아집니다. 치사 부정맥이 생긴 1분 내에 치료하면 성공률이 80% 이상인데 반하여 10분이 지나면 성공률은 10%에도 미치지 못합니다. 일반적으로 빠른 시간 내에 전문적 생명 유지팀이 도달하면 소생 성공률은 대상 환자와 소생팀의 능력에 따라 다르나 평균 20~30% 에 달합니다. 그러나 훈련이 잘 되지 않고 조직력이 미약한 소생팀이거나 환자에로의 접근이 어려운 도심에서는 소생 성공률이 많이 떨어집니다.  심장의 구조적  기능적 결함을 찾아 치료해야 한다  생명이 유지되어 병원으로 이송된 돌연사 생존자는 안정화 단계를 거쳐 돌연사를 일으키는 심장의 구조적 및 기능적 결함을 찾아내어 치료해야 합니다. 진행된 관상동맥경화가 있는 경우 좁아진 혈관을 개통해 주는 풍선 및 스텐트요법 또는 우회로 수술이 필요할 수 있습니다. 심근 허혈을 경감시키는 약물 치료가 병행되며 핼액 응고 방지제 또는 항혈소판제가 사용되기도 합니다.  돌연사의 예방은 이를 일으키는 여러 요소와 단계에 따라 다릅니다. 관상동맥경화증의 콜레스테롤 종기 파열을 예방하려면 콜레스테롤 강하제를 사용하여 죽상반을 안정화시켜야 합니다. 육체적 및 정신적 스트레스나 교감신경계의 흥분은 베타차단제의 사용으로 많이 줄어들 수 있습니다. 돌연사 발생의 불씨를 조장하는 흡연은 중단되어야 하며 당뇨병은 적절히 조절되어야 하고 정신적 스트레스를 해결하는 방법도 개선시켜야 합니다.  약물 치료에도 불구하고 재발되는 치사 부정맥 환자에게는 자동 심율동 전환기-제세동기를 심장 속에 심어 줍니다.
91,우울증,조울증,증상,조울증 환자라 하더라도 아무런 증상이 없을 때가 있다. 그러나 별 문제없이 잘 지내다가도 조증이나 우울증 상태가 되면 그 상태에 따라 다양한 증상이 나타난다. 조증 상태에서는 기분이 좋고 들뜨고 의기양양해지거나 말이 많고 빨라지며 목소리도 우렁차고 자신감에 넘친다. 평상시와 달리 에너지가 넘쳐 할 일도 많고 계획도 너무 많으며 분주하지만 일을 마무리 짓지 못한다. 밤에 잠을 안 자고  식사를 안하고 지내도 에너지가 넘쳐 피곤하지 않고 거뜬하다. 대단한 일을 위해서 밤에 잠도 안자고 계획하기도 한다. 그러나 이상야릇한 밝은 색깔의 옷이나 보석 등으로 별난 몸치장을 하거나  물건도 많이 사고  값비싼 차량을 사기도 하여 경제적 손실도 커지는 등의 문제점이 생기기도 한다. 쉽게 바람도 피우고 미혼 여성이라도 이성들과 지울 수 없는 상처를 얻고 지나치게 술을 과음하는 경우가 많고  절제력의 상실로 인해 전화를 지나치게 사용한다. 또 어떤 때는 상대방의 입장은 전혀 개의치 않고 쓸데없는 장거리 전화를 마구 걸기도 한다. 반대로 우울상태에서는 거의 매일 우울한 기분이 지속되고  매사에 재미가 없어지며 입맛도 없고  잠을 못자고 피곤하며  의욕도 없고  집중력도 떨어지며  죄책감에 시달리고  심할 경우에는 죽고 싶은 생각까지 들게 된다. 조울증의 증상은 우울증의 양상과 정반대의 기분상태이다.
92,우울증,지루증,증상,성욕이 충분하고 발기력도 왕성하지만 극치감을 느낄 듯 하면서도 사정을 이루지 못한 상태가 지속되며  성기결합 상태에선 사정이 불가능하며 페니스를 철수시킨 후 여성 파트너의 수작업이나 구강 서비스를 빌려야만 사정하는 타입  여성의 질에서 철수한 후 자위행위를 통해서만 사정하는 타입  아내와의 섹스에선 사정이 불가능하지만 혼외 섹스 파트너에겐 사정이 가능한 타입  아주 특이한 성적 자극 또는 목이 졸리거나 구타 당하는 환상을 해야만 사정이 가능한 타입 등 몇가지 유형이 있다.
93,우울증,틱장애,증상,"초기 증상으로 가장 흔히 관찰되는 것은 눈 깜빡거림이며  얼굴 찡그림  머리틱도 흔히 관찰되는 초기 틱이다. 얼굴 또는 머리에서 시작한 틱은 시간이 지나면서 점차 아래로 향하는데  목  가슴  팔  몸체를 거쳐 마지막에는 다리나 발에도 나타난다. 또한 시간이나  상황에 따라서 틱이 나타나는 부위가 달라지는 것도 중요한 특징 중의 하나이다. 한 종류의 틱이 없어지면  다른 부위에 틱이 나타나기도 한다. 얼굴 찡그림  이마에 주름 만들기  눈썹 위로 올리기  눈 깜빡거림  윙크하기  코에 주름 만들기  이 드러내기  입술 깨물기  혀 내밀기  턱 내밀기  머리 흔들기  머리 돌리기  곁눈질하기 등이 얼굴이나 머리에서 흔히 관찰되는 틱 증상들이다. 팔이나 손에서 흔히 관찰되는 틱은 팔이나 손을 갑자기 흔들어대기  손가락을 뜯는 행동  손가락비틀기  주먹쥐기 등이다. 몸체나 하지에서는 어깨 들어올리기  발이나 다리 흔들어대기  걸음걸이의 이상  몸 비틀기  뛰어오르기 등이 흔한 틱증상의 하나입니다. 음성틱은 운동 틱이 나타난 지 약 3-4년 후부터 나타나기 시작하는데  가래 뱉어내는 소리  킁킁거리는 소리  기침 소리  쉬소리  빠는 소리 등의 단순형으로 나타날 수도 있고  상황과 전혀 관계없이 나타나는 단어  구  절 또는 문장으로 표현되는 복합형으로 나타날 수도 있다. ""옳아""  ""다시 말해""  ""입 닥쳐""  ""그만 해"" 등이 흔히 관찰되는 복합 음성틱이며  반향어 또는 외설증의 형태로 나타나기도 합니다. 외설증은 대개 청소년기에 시작이 되는데  약 1/3에서 나타나는 것으로 보고되고 있다."
94,불면증,수면장애,증상,불면  과다수면  수면중 다리를 떤다든가 심한 소리를 지른다든가 돌아다니는 등의 행동문 제  낮잠을 심하게 자는 등의 다양한 증상을 보일 수 있다.  1. 낮시간대의 졸음  갑자기 졸음이 온다거나 주체할 수 없을 정도로 졸리운 것  이상하리만큼 멍해지는 것이 수면장애의 증상의 하나일 수 있다. 식사중이나 운전할 때 혹은 걸어 다니다가도 깜박 졸음에 빠지는 것이 예이다.  2. 수면 무호흡  잠자는 시간에 자주 숨이 멎는 증상을 말한다. 시끄럽게 코를 고는 것은 호흡을 회복하려고하는 노력이며 숨이 멎는 것과 자주 동반된다. 깨어 있을 때의 호흡은 정상이고 본인은 이러한 불규칙한 무호흡을 알지 못한다.  3. 탈력발작  이것은 갑작스레 근육의 긴장도가 소실되는 것으로 주로 웃거나 화를 내거나 놀라거나 할때 유발된다. 이러한 발작은 부분적인 근육에 잠시만 힘이 빠지는 것에서부터 수분간 완전 히 모든 몸의 근육의 힘이 빠져 쓰러지는 것까지 다양하다. 이 기간 중에 의식은 있으나 몸을 자유롭게 움직일 수는 없다.  4. 야간시간의 수면파괴  이것은 밤에 잠을 잘 때 여러 번 깨는 것을 말한다. 때때로 깼을 때 음식을 집어먹기도 한다.  5. 입수기 환각  잠이 들려고 할 때 발생하는 강렬하고 생생하고 때로는 무서운 경험의 환각이다. 오감이 모두 관련되어 어떤 경우에는 실제와 구별하기가 어려울 때도 있다.  6. 야경증  주로 아동에서 나타나며  잠든 지 한 시간이내에 공포를 느끼며 혼돈된 상태로 깨어나게 된다. 맥박이 빨리 뛰고 지남력이 없지만 꿈은 기억하지 못한다. 악몽(Nightmare)은 병이 아니고 자연적인 꿈의 현상이다. 단지 자주 반복되고 수면을 심각하게 방해한다면 도움이 필요하게 된다.  7. 수면 마비  움직이려고 하지만 움직일 수 없다는 것을 알고 있다. 이러한 현상은 잠이 들거나 혹은 깰 때 발생한다.  8. 몽유병  이것은 어린이들에게 때때로 발생하고  전형적으로 10세 이전에 생겨 15세 경에 없어지게 된다. 어른이 자주 몽유현상이 있다면 좀더 심각하며  나이가 들어 발생한다거나  자주 일어나며  가족력이 없으면 심각한 스트레스와 관련이 있기도 한다. 비록 몽유병 환자들이 물건을 피해 걸어 다니지만 깨어 있을 때보다는 둔하며 말하는 것도 대부분 무의식적이다.  9. 야뇨증  이 증상은 5살박이 여아의 10%  남아의 15%에서 관찰된다. 나이가 더 들어 발생하는 것은 육체적인 질환  선천적으로 방광이 작을 때  요로감염 그리고 전반적인 불안과 관련이 있을 수도 있다.
95,대상포진,헤르페스성 각막염,증상,단순포진성 각막염  Type I  II의 두 가지로 나뉘는데  Type I은 주로 입과 눈에 발생하며  Type II는 주로 생식기에 그 증상이 나타난다. 대개는 한쪽 눈에만 나타나며  4~6% 정도에서 양안에 발병한다.  첫 증상은 흔히 눈의 자극감  눈부심 및 눈물 흘림 등이며  병변이 각막중심에 있을 때에는 시력장애도 동반된다. 발병초기부터 각막의 지각이 저하되는 특징이 있기 때문에 통증을 잘 느끼지 못하여 증상이 경미한 것처럼 오인하게 된다.  가장 대표적인 각막궤양의 모양은 나뭇가지 모양의 궤양(수지상 궤양;Dendritic ulcer)이다. 이것은 초기에는 점모양으로 퍼져 나타나다가 병의 진행과 더불어 선모양으로 모여 나타나는 것이다. 이 궤양은 확대되어 지도모양(geographic ulcer)으로 나타나기도 한다.  동반된 상피하혼탁(subepithelial opacity)은 1년 정도 후 소실된다. 심한 경우 원판형 각막염(disciform keratitis)도 발생한다.  각막궤양이 심할 경우는 홍채모양체염과 더불어 각막의 천공까지 이르는 수도 있다. 이 천공이 일어나면 완전히 실명하는 경우가 많으므로 예견되는 상황에서는 이식수술 등 즉각적인 치료를 한다.  대상포진성 각막염  처음에는 각막지각이 저하되며 미세한 점모양의 혼탁이 점차 심해져서 수지상  원판형으로까지 나타난다. 각막중심부의 부종과 그로 인한 아래쪽의 주름도 나타나고  이 부종이 파열되어 궤양이 나타나기도 한다. 오랜 시간이 경과하면 영구적인 반흔이 남는다.  포도막염(눈의 가장 바깥쪽의 공막과 가장 안쪽의 망막 사이에 있는 포도막에 염증이 생긴 것) 증세도 수주에서 수개월간 지속될 수 있다.
